entry_date,gross,net
2020-01-02,0.0,0.0
2020-01-03,0.0,0.0
2020-01-06,0.0,0.0
2020-01-07,-0.0033837172550988206,-0.0035503839217654876
2020-01-08,0.0,0.0
2020-01-09,0.0,0.0
2020-01-10,0.003997948319182358,0.003664614985849024
2020-01-13,-5.722788142381585e-05,-0.0002238945480904825
2020-01-14,0.0,0.0
2020-01-15,0.0,0.0
2020-01-16,0.0,0.0
2020-01-17,0.0,0.0
2020-01-20,0.0,0.0
2020-01-21,0.0,0.0
2020-01-22,0.0,0.0
2020-01-23,-0.001758006573415886,-0.0019246732400825528
2020-02-03,0.0,0.0
2020-02-04,-0.013464634103927953,-0.013797967437261286
2020-02-05,0.00010107135637760223,-6.559531028906445e-05
2020-02-06,-0.0008023304142889357,-0.001135663747622269
2020-02-07,0.0,0.0
2020-02-10,0.0,0.0
2020-02-11,-0.0076397265782066626,-0.007806393244873329
2020-02-12,-0.0005865102639296035,-0.0007531769305962701
2020-02-13,-0.0004901960784313708,-0.0006568627450980374
2020-02-14,0.0,0.0
2020-02-17,0.0,0.0
2020-02-18,0.0,0.0
2020-02-19,0.0,0.0
2020-02-20,5.8360408161354606e-05,-0.00027497292517197875
2020-02-21,0.0,0.0
2020-02-24,0.0005099528733206368,0.0003432862066539701
2020-02-25,-0.0009713236655548204,-0.0014713236655548207
2020-02-26,0.0002574153252529558,-0.00024258467474704438
2020-02-27,0.001975889251885817,0.0014758892518858169
2020-02-28,0.0,0.0
2020-03-02,-0.012675226981321805,-0.013175226981321805
2020-03-03,0.0015345979070413944,0.001034597907041394
2020-03-04,0.007315756671978628,0.006982423338645294
2020-03-05,0.0013033655810852733,0.0009700322477519397
2020-03-06,0.0,0.0
2020-03-09,-0.020689452896882694,-0.02102278623021603
2020-03-10,-0.006683748131414813,-0.007017081464748147
2020-03-11,-0.001860517651365005,-0.0021938509846983387
2020-03-12,0.002287675150128695,0.002121008483462028
2020-03-13,-0.001314553990610312,-0.0014812206572769788
2020-03-16,0.0028514298603940316,0.002351429860394032
2020-03-17,0.009892473118279566,0.009559139784946232
2020-03-18,0.018580087466417112,0.01824675413308378
2020-03-19,0.002501963882078906,0.0021686305487455724
2020-03-20,-0.02246792015487616,-0.022801253488209494
2020-03-23,0.0021498441363001497,0.0019831774696334827
2020-03-24,-0.0019521717911175813,-0.002285505124450915
2020-03-25,-0.008579142488716976,-0.008912475822050311
2020-03-26,-0.003552905615236838,-0.004052905615236839
2020-03-27,0.0,0.0
2020-03-30,-0.006452913893930212,-0.006619580560596879
2020-03-31,-0.002178731620853099,-0.0025120649541864326
2020-04-01,-0.007806882383153561,-0.007973549049820228
2020-04-02,0.0064451478660713475,0.0061118145327380136
2020-04-03,0.004231166150670799,0.004064499484004132
2020-04-07,0.0,0.0
2020-04-08,0.009215931287080833,0.008715931287080833
2020-04-09,-0.0009538121511485365,-0.0012871454844818697
2020-04-10,0.006755394232708174,0.006588727566041508
2020-04-13,0.0,0.0
2020-04-14,0.0,0.0
2020-04-15,-0.0007423904974016571,-0.0009090571640683237
2020-04-16,0.0,0.0
2020-04-17,0.0016676476358642445,0.0015009809691975777
2020-04-20,-0.00689649204783412,-0.007229825381167454
2020-04-21,-0.004642087926286287,-0.005142087926286287
2020-04-22,-0.0055220883534136496,-0.005688755020080316
2020-04-23,-0.0013270033529556209,-0.0016603366862889546
2020-04-24,0.006747448899254345,0.006414115565921012
2020-04-27,0.0,0.0
2020-04-28,0.0016710642040457246,0.001504397537379058
2020-04-29,0.0,0.0
2020-04-30,0.0019047619047619275,0.0017380952380952608
2020-05-06,0.006512566501559365,0.006345899834892699
2020-05-07,0.00598778262154646,0.005487782621546459
2020-05-08,-0.0033184874683434007,-0.0034851541350100677
2020-05-11,0.0015095029239766318,0.0011761695906432983
2020-05-12,0.002475566362398022,0.002142233029064689
2020-05-13,0.0,0.0
2020-05-14,-0.0010408534998698944,-0.0012075201665365611
2020-05-15,0.020098774294349846,0.01976544096101651
2020-05-18,0.0,0.0
2020-05-19,-0.00709504392099547,-0.007428377254328804
2020-05-20,-0.003054079136083724,-0.003220745802750391
2020-05-21,-0.005828864537188154,-0.00599553120385482
2020-05-22,0.006753592054966025,0.006420258721632692
2020-05-25,0.0,0.0
2020-05-26,0.007389749702026253,0.007223083035359586
2020-05-27,-0.004590725178960457,-0.004757391845627124
2020-05-28,-0.004022457293485345,-0.004189123960152012
2020-05-29,-0.0018789895754784958,-0.0022123229088118293
2020-06-01,0.0,0.0
2020-06-02,0.0006055244892792336,0.0002721911559459003
2020-06-03,0.006772345017489023,0.006605678350822357
2020-06-04,0.0,0.0
2020-06-05,0.004646129773980083,0.004312796440646749
2020-06-08,0.007090121999212847,0.0067567886658795135
2020-06-09,0.0002173753852759234,-0.00011595794805740994
2020-06-10,0.0,0.0
2020-06-11,0.002130197682344903,0.001963531015678236
2020-06-12,-0.004967140455448586,-0.005133807122115253
2020-06-15,0.0,0.0
2020-06-16,0.0,0.0
2020-06-17,-0.0019404551441995672,-0.002273788477532901
2020-06-18,0.0,0.0
2020-06-19,0.0,0.0
2020-06-22,0.0,0.0
2020-06-23,0.0,0.0
2020-06-24,0.0,0.0
2020-06-29,0.0,0.0
2020-06-30,0.0,0.0
2020-07-01,0.0,0.0
2020-07-02,0.0,0.0
2020-07-03,0.0,0.0
2020-07-06,0.0,0.0
2020-07-07,0.0,0.0
2020-07-08,0.0,0.0
2020-07-09,0.0,0.0
2020-07-10,-0.0021590440873506442,-0.0023257107540173108
2020-07-13,0.0,0.0
2020-07-14,-0.000509239051360392,-0.0006759057180270588
2020-07-15,0.0,0.0
2020-07-16,0.0,0.0
2020-07-17,0.0,0.0
2020-07-20,0.0,0.0
2020-07-21,0.0,0.0
2020-07-22,0.008131706991934958,0.007965040325268291
2020-07-23,0.010465604365444525,0.010132271032111192
2020-07-24,-0.003118722018590129,-0.003452055351923463
2020-07-27,-0.021271317829457386,-0.021437984496124052
2020-07-28,0.002990604836007179,0.002657271502673845
2020-07-29,0.0,0.0
2020-07-30,0.011332755131540898,0.011166088464874232
2020-07-31,0.0,0.0
2020-08-03,0.001610534414038171,0.0012772010807048375
2020-08-04,0.0,0.0
2020-08-05,0.0,0.0
2020-08-06,0.0,0.0
2020-08-07,0.0017276422764227473,0.0015609756097560805
2020-08-10,-0.00199736355536669,-0.0023306968887000235
2020-08-11,-0.006452581032412974,-0.0066192476990796405
2020-08-12,0.0017070979335130538,0.001540431266846387
2020-08-13,0.002094369937306754,0.0017610366039734207
2020-08-14,0.0003266906239790905,0.0001600239573124238
2020-08-17,0.0037928045080190356,0.003626137841352369
2020-08-18,0.008141686492201927,0.00797501982553526
2020-08-19,-0.014082351140364305,-0.014249017807030973
2020-08-20,-0.0192194699379656,-0.019552803271298935
2020-08-21,-0.0007329112272254449,-0.0010662445605587785
2020-08-24,0.0,0.0
2020-08-25,0.007529493666895852,0.007196160333562518
2020-08-26,0.0011248186772945996,0.0006248186772945995
2020-08-27,0.0,0.0
2020-08-28,0.0017950098725543207,0.001628343205887654
2020-08-31,0.0,0.0
2020-09-01,0.0,0.0
2020-09-02,0.0,0.0
2020-09-03,-0.0015327743215219531,-0.00169944098818862
2020-09-04,0.0,0.0
2020-09-07,0.0,0.0
2020-09-08,0.0,0.0
2020-09-09,0.0,0.0
2020-09-10,-0.0006161730377718388,-0.0011161730377718393
2020-09-11,0.0022893772893772812,0.0021227106227106143
2020-09-14,0.0,0.0
2020-09-15,-0.006014215418261341,-0.006180882084928008
2020-09-16,0.0,0.0
2020-09-17,0.0,0.0
2020-09-18,0.0,0.0
2020-09-21,0.0,0.0
2020-09-22,0.0,0.0
2020-09-23,0.021921653432854016,0.02158832009952068
2020-09-24,0.0,0.0
2020-09-25,0.0,0.0
2020-09-28,0.0,0.0
2020-09-29,-0.005528586839266418,-0.0056952535059330844
2020-09-30,0.0009879470460383288,0.0008212803793716622
2020-10-09,0.0,0.0
2020-10-12,9.167583425010821e-05,-7.499083241655847e-05
2020-10-13,-0.005189028910303928,-0.005355695576970594
2020-10-14,0.0,0.0
2020-10-15,0.0,0.0
2020-10-16,0.0,0.0
2020-10-19,-0.005628881987577605,-0.005795548654244272
2020-10-20,0.0,0.0
2020-10-21,0.0,0.0
2020-10-22,0.0,0.0
2020-10-23,0.0,0.0
2020-10-26,0.0,0.0
2020-10-27,0.0,0.0
2020-10-28,0.0,0.0
2020-10-29,0.0,0.0
2020-10-30,-0.011334141947093293,-0.011834141947093294
2020-11-02,-0.006227466404457556,-0.0063941330711242235
2020-11-03,0.0015352139704471284,0.0013685473037804614
2020-11-04,0.0,0.0
2020-11-05,0.0022948938611588865,0.0021282271944922195
2020-11-06,0.0032194155522535794,0.0030527488855869125
2020-11-09,-0.003215678461036875,-0.0035490117943702084
2020-11-10,-0.010250553156527861,-0.010583886489861194
2020-11-11,-0.001524575420071524,-0.0020245754200715247
2020-11-12,0.0,0.0
2020-11-13,-0.001662842129768194,-0.0018295087964348606
2020-11-16,0.0,0.0
2020-11-17,0.0,0.0
2020-11-18,0.005920410771569647,0.005587077438236314
2020-11-19,0.0,0.0
2020-11-20,-5.0324593628895777e-05,-0.00021699126029556246
2020-11-23,0.0,0.0
2020-11-24,0.007663799030705539,0.007497132364038872
2020-11-25,-0.0001343273557659804,-0.00030099402243264706
2020-11-26,1.3320013319958099e-05,-0.00032001332001337524
2020-11-27,-0.0010681620935976872,-0.001234828760264354
2020-11-30,0.0,0.0
2020-12-01,-0.00018244845831053938,-0.00034911512497720604
2020-12-02,-0.001539241923352715,-0.001705908590019382
2020-12-03,0.004787423357380878,0.004454090024047545
2020-12-04,-0.0004639175257732016,-0.0006305841924398683
2020-12-07,-0.0018122977346278397,-0.0019789644012945065
2020-12-08,0.0,0.0
2020-12-09,0.012980520147276168,0.012647186813942835
2020-12-10,-0.00375469336670838,-0.003921360033375047
2020-12-11,-0.0014485546922054688,-0.0017818880255388023
2020-12-14,-0.0046971569839307685,-0.004863823650597436
2020-12-15,0.007104647275158804,0.006937980608492138
2020-12-16,0.0,0.0
2020-12-17,0.0016044925792217946,0.0014378259125551278
2020-12-18,-0.0010909090909091053,-0.001257575757575772
2020-12-21,0.029313887178863556,0.02898055384553022
2020-12-22,0.0,0.0
2020-12-23,-0.0022059382390261137,-0.002705938239026114
2020-12-24,0.0006226165460347192,0.00045594987936805253
2020-12-25,0.0,0.0
2020-12-28,0.007373271889400919,0.0072066052227342525
2020-12-29,0.0,0.0
2020-12-30,0.0002347431518218516,-9.859018151148174e-05
2020-12-31,0.010338345864661683,0.010171679197995017
2021-01-04,0.0,0.0
2021-01-05,0.0007254542244004014,0.0002254542244004014
2021-01-06,0.0,0.0
2021-01-07,0.0,0.0
2021-01-08,0.003926681118223363,0.0035933477848900295
2021-01-11,0.0,0.0
2021-01-12,-0.010094971538556393,-0.010428304871889726
2021-01-13,0.0,0.0
2021-01-14,0.0,0.0
2021-01-15,0.0,0.0
2021-01-18,0.0,0.0
2021-01-19,0.0,0.0
2021-01-20,0.0,0.0
2021-01-21,-0.004734603928860419,-0.004901270595527085
2021-01-22,-3.566490582647871e-05,-0.0005356649058264792
2021-01-25,-0.0008591065292096189,-0.0010257731958762857
2021-01-26,0.004804906651146745,0.004471573317813411
2021-01-27,-0.001794687724335997,-0.001961354391002664
2021-01-28,-0.00019062142584824748,-0.00035728809251491417
2021-01-29,-0.012366710833491057,-0.012533377500157724
2021-02-01,0.016802263883975915,0.016635597217309245
2021-02-02,-0.012336557076776574,-0.012669890410109907
2021-02-03,-0.006432748538011679,-0.006599415204678345
2021-02-04,0.007516307094856585,0.007182973761523252
2021-02-05,0.0,0.0
2021-02-08,0.0,0.0
2021-02-09,0.0,0.0
2021-02-10,0.0,0.0
2021-02-18,0.0,0.0
2021-02-19,0.0013007833981933576,0.0009674500648600243
2021-02-22,0.0,0.0
2021-02-23,0.0,0.0
2021-02-24,0.0,0.0
2021-02-25,0.0,0.0
2021-02-26,0.0,0.0
2021-03-01,0.0009755568803858639,0.0008088902137191972
2021-03-02,-0.006682474671265333,-0.0068491413379320005
2021-03-03,0.006456276459431143,0.006122943126097809
2021-03-04,-0.00120280760006856,-0.0015361409334018934
2021-03-05,0.003843737295339452,0.003677070628672785
2021-03-08,-0.0036162518613060968,-0.0037829185279727637
2021-03-09,0.0,0.0
2021-03-10,0.002323892519970968,0.002157225853304301
2021-03-11,0.011496123915551179,0.011162790582217844
2021-03-12,0.0,-0.00016666666666666666
2021-03-15,0.004088249806160589,0.003921583139493923
2021-03-16,0.005445929697998435,0.005279263031331767
2021-03-17,0.0,0.0
2021-03-18,0.0,0.0
2021-03-19,0.0,0.0
2021-03-22,0.010367914276416848,0.009867914276416848
2021-03-23,-0.003359227377703111,-0.003525894044369778
2021-03-24,0.0,0.0
2021-03-25,0.0,0.0
2021-03-26,0.0,0.0
2021-03-29,0.0027968471904398586,0.002630180523773192
2021-03-30,0.0,0.0
2021-03-31,0.0,0.0
2021-04-01,-0.011850080442020147,-0.01218341377535348
2021-04-02,-0.010269834877164744,-0.010436501543831411
2021-04-06,0.0007789678675754382,0.0006123012009087715
2021-04-07,-0.0019428793471925425,-0.0021095460138592093
2021-04-08,0.0,0.0
2021-04-09,0.003707317073170735,0.003540650406504068
2021-04-12,-0.00532964863797869,-0.0054963153046453566
2021-04-13,0.0029086047730023288,0.002741938106335662
2021-04-14,0.0,0.0
2021-04-15,0.00034215074004377105,-0.00015784925995622942
2021-04-16,0.0003913894324853266,0.0002247227658186599
2021-04-19,0.0,0.0
2021-04-20,-0.002302836201001468,-0.0026361695343348015
2021-04-21,0.0,0.0
2021-04-22,0.0,0.0
2021-04-23,0.0,0.0
2021-04-26,0.004465408805031472,0.004298742138364804
2021-04-27,0.0016336372977743263,0.001300303964440993
2021-04-28,0.0,0.0
2021-04-29,0.008653846153846123,0.008487179487179456
2021-04-30,0.004453391898487073,0.004286725231820406
2021-05-06,0.0,0.0
2021-05-07,0.005945418987925999,0.005612085654592665
2021-05-10,0.002185038238169179,0.002018371571502512
2021-05-11,-0.006880058297392577,-0.007213391630725911
2021-05-12,0.0066104588023487105,0.006277125469015377
2021-05-13,0.0021290959131744134,0.0019624292465077464
2021-05-14,0.0163151701672839,0.015981836833950564
2021-05-17,0.004929577464788726,0.004762910798122059
2021-05-18,0.01368961901393632,0.013356285680602986
2021-05-19,0.0044829742251240035,0.0041496408917906695
2021-05-20,0.0,0.0
2021-05-21,0.008297308505242388,0.007963975171909055
2021-05-24,0.0,0.0
2021-05-25,0.000960794805920299,0.0004607948059202986
2021-05-26,0.0,0.0
2021-05-27,-0.005650489360505273,-0.005983822693838607
2021-05-28,-0.006054351565187484,-0.006221018231854151
2021-05-31,0.007942973523421623,0.007776306856754955
2021-06-01,-0.014528676116158046,-0.015028676116158046
2021-06-02,0.007363962202671881,0.007197295536005214
2021-06-03,-0.0005191209551825467,-0.0006857876218492134
2021-06-04,-3.9910105550637155e-05,-0.0003732434388839705
2021-06-07,0.0009532263551246256,0.0006198930217912922
2021-06-08,0.0036619688679366083,0.0033286355346032748
2021-06-09,0.0,0.0
2021-06-10,0.0,0.0
2021-06-11,0.0,0.0
2021-06-15,-0.0028405797101449157,-0.0030072463768115822
2021-06-16,0.009855899086585277,0.009522565753251944
2021-06-17,0.0,0.0
2021-06-18,0.0,0.0
2021-06-21,-0.0016568321567122328,-0.001990165490045566
2021-06-22,0.0,0.0
2021-06-23,-0.004034188034188017,-0.004200854700854684
2021-06-24,0.0,0.0
2021-06-25,0.0,0.0
2021-06-28,0.0,0.0
2021-06-29,0.0,0.0
2021-06-30,0.004064241232382804,0.0038975745657161367
2021-07-01,-0.010476537549859851,-0.010976537549859852
2021-07-02,0.0,0.0
2021-07-05,0.0,0.0
2021-07-06,0.003836908283281574,0.0035035749499482405
2021-07-07,0.0,0.0
2021-07-08,0.0,0.0
2021-07-09,0.0037257824143070253,0.0035591157476403588
2021-07-12,0.001665780993255354,0.0013324476599220203
2021-07-13,0.0026469682979378315,0.0024803016312711645
2021-07-14,0.0,0.0
2021-07-15,-0.0010314282247299762,-0.001198094891396643
2021-07-16,0.00017484962931879622,8.182962652129548e-06
2021-07-19,0.0,0.0
2021-07-20,0.0,0.0
2021-07-21,2.9176604345500696e-05,-0.0003041567289878329
2021-07-22,-0.00017706949977865558,-0.00034373616644532224
2021-07-23,-0.0013279507064697753,-0.001494617373136442
2021-07-26,0.0,0.0
2021-07-27,0.0,0.0
2021-07-28,0.0,0.0
2021-07-29,0.002165302350145263,0.0019986356834785965
2021-07-30,0.0,0.0
2021-08-02,0.0,0.0
2021-08-03,0.00950441276306857,0.009337746096401903
2021-08-04,0.0,0.0
2021-08-05,0.004950495049504955,0.004783828382838288
2021-08-06,-0.0016588137716836797,-0.0018254804383503465
2021-08-09,0.0,0.0
2021-08-10,0.0013359568602157035,0.0010026235268823702
2021-08-11,0.0058787878787878904,0.005712121212121224
2021-08-12,0.00032731081434929826,0.0001606441476826316
2021-08-13,-0.0011502373685167526,-0.001483570701850086
2021-08-16,0.0,0.0
2021-08-17,0.0,0.0
2021-08-18,0.012475049900199616,0.012308383233532949
2021-08-19,0.0,0.0
2021-08-20,-0.010101010101010091,-0.010267676767676759
2021-08-23,0.0001306165099268508,-3.605015673981586e-05
2021-08-24,0.0,0.0
2021-08-25,-0.004854087578129995,-0.005354087578129996
2021-08-26,0.0,0.0
2021-08-27,-0.008308799476611043,-0.00847546614327771
2021-08-30,0.0,0.0
2021-08-31,-0.0032954050861157733,-0.00346207175278244
2021-09-01,0.0,0.0
2021-09-02,0.0,0.0
2021-09-03,0.0,0.0
2021-09-06,0.0,0.0
2021-09-07,-0.0015177385695314127,-0.0016844052361980795
2021-09-08,0.0,0.0
2021-09-09,0.001564611336320317,0.0013979446696536502
2021-09-10,-0.004201680672268893,-0.004368347338935559
2021-09-13,0.00011820330969269932,-4.846335697396735e-05
2021-09-14,-0.0008582309714101714,-0.001024897638076838
2021-09-15,0.0012125621438098626,0.0010458954771431959
2021-09-16,0.0,0.0
2021-09-17,-0.004738767920340707,-0.0049054345870073734
2021-09-22,0.003171418852350172,0.0026714188523501714
2021-09-23,0.0,0.0
2021-09-24,0.0,0.0
2021-09-27,0.0,0.0
2021-09-28,0.005978148835291686,0.005811482168625019
2021-09-29,0.0,0.0
2021-09-30,0.0013543439667636676,0.0011876773000970011
2021-10-08,0.000625390869293326,0.0004587242026266593
2021-10-11,-0.006440035855793891,-0.006940035855793891
2021-10-12,0.002776406859428778,0.002443073526095444
2021-10-13,0.0,0.0
2021-10-14,-0.002581596902083705,-0.002748263568750372
2021-10-15,0.0,0.0
2021-10-18,0.000880758807588089,0.0007140921409214224
2021-10-19,0.0038957980857727095,0.003395798085772709
2021-10-20,0.0,0.0
2021-10-21,0.01684913095997483,0.016515797626641498
2021-10-22,0.0015160323124122632,0.0011826989790789297
2021-10-25,-0.006772486772486763,-0.00693915343915343
2021-10-26,-0.002115766538765588,-0.002449099872098922
2021-10-27,0.0,0.0
2021-10-28,0.006637806637806627,0.006471139971139961
2021-10-29,0.004668930390492358,0.004502263723825691
2021-11-01,0.0,0.0
2021-11-02,0.01979645919842669,0.019463125865093356
2021-11-03,0.0,0.0
2021-11-04,-0.013036228588752455,-0.013202895255419123
2021-11-05,0.0,0.0
2021-11-08,0.006580714477571877,0.00641404781090521
2021-11-09,-0.0007723769901873586,-0.0009390436568540252
2021-11-10,-0.001214390881168444,-0.0015477242145017778
2021-11-11,-0.013099415204678388,-0.013266081871345056
2021-11-12,-0.0166327251927757,-0.016966058526109034
2021-11-15,0.004529201430274132,0.004362534763607466
2021-11-16,0.0029814098749539144,0.002481409874953914
2021-11-17,0.0,0.0
2021-11-18,-0.0035026725097115907,-0.003836005843044924
2021-11-19,0.0,0.0
2021-11-22,0.0,0.0
2021-11-23,0.009377138173971233,0.0090438048406379
2021-11-24,0.0,0.0
2021-11-25,-0.003021908246355028,-0.0033552415796883617
2021-11-26,-0.0007435949435543598,-0.0009102616102210265
2021-11-29,-0.007398273736128225,-0.007564940402794891
2021-11-30,-0.00024038461538459602,-0.0004070512820512627
2021-12-01,0.0112845138055222,0.010951180472188867
2021-12-02,0.0,0.0
2021-12-03,0.007303807303807271,0.007137140637140604
2021-12-06,0.0,0.0
2021-12-07,0.005018248175182445,0.004851581508515779
2021-12-08,-0.008512544802867375,-0.008679211469534043
2021-12-09,-0.003457814661134151,-0.003624481327800818
2021-12-10,-0.0033496922957076958,-0.0035163589623743627
2021-12-13,-0.0071726052753355125,-0.007339271942002179
2021-12-14,0.0,0.0
2021-12-15,0.0,0.0
2021-12-16,0.0,0.0
2021-12-17,0.0,0.0
2021-12-20,0.0,0.0
2021-12-21,0.0,0.0
2021-12-22,0.0,0.0
2021-12-23,0.0017189218921892142,0.0015522552255225475
2021-12-24,0.0,0.0
2021-12-27,0.0,0.0
2021-12-28,0.0,0.0
2021-12-29,0.0,0.0
2021-12-30,0.0,0.0
2021-12-31,-0.00637627202779852,-0.006709605361131854
2022-01-04,-0.0005525551218295011,-0.0007192217884961677
2022-01-05,-0.001285897985426517,-0.0014525646520931839
2022-01-06,0.0,0.0
2022-01-07,-0.0002702702702702675,-0.0004369369369369342
2022-01-10,-0.0008114921723966587,-0.001144825505729992
2022-01-11,0.0,0.0
2022-01-12,0.0,0.0
2022-01-13,0.0,0.0
2022-01-14,0.0,0.0
2022-01-17,0.0,0.0
2022-01-18,0.0009778948704570005,0.0006445615371236671
2022-01-19,0.0,0.0
2022-01-20,-0.000353257029814887,-0.0005199236964815537
2022-01-21,-0.00017617109736974465,-0.0003428377640364113
2022-01-24,0.0,0.0
2022-01-25,-0.00042390843577792364,-0.0005905751024445903
2022-01-26,0.0,0.0
2022-01-27,0.0,0.0
2022-01-28,0.0,0.0
2022-02-07,0.0,0.0
2022-02-08,0.005028587173658468,0.0048619205069918014
2022-02-09,0.0,0.0
2022-02-10,0.0,0.0
2022-02-11,0.0,0.0
2022-02-14,-0.005646258503401354,-0.005812925170068021
2022-02-15,0.0031767642387111237,0.0030100975720444567
2022-02-16,-0.006111696522655456,-0.0062783631893221226
2022-02-17,-0.01451169494231456,-0.01501169494231456
2022-02-18,0.0,0.0
2022-02-21,-0.0049379306887649506,-0.005271264022098284
2022-02-22,0.0,0.0
2022-02-23,0.0,0.0
2022-02-24,-0.008033374706936991,-0.008200041373603658
2022-02-25,0.0,0.0
2022-02-28,0.003886187934373009,0.0035528546010396753
2022-03-01,-0.001514112799574067,-0.0018474461329074006
2022-03-02,0.0006872852233676952,0.0005206185567010285
2022-03-03,0.0005094243504839557,0.00034275768381728905
2022-03-04,-0.000880758807588015,-0.0010474254742546816
2022-03-07,0.0,0.0
2022-03-08,0.007948335817188271,0.0077816691505216045
2022-03-09,0.0,0.0
2022-03-10,0.009317514692914605,0.008817514692914604
2022-03-11,0.003449513243008573,0.0029495132430085724
2022-03-14,-0.0009942579636986377,-0.0013275912970319712
2022-03-15,0.0006568616000897457,0.0003235282667564121
2022-03-16,0.0019154165607254692,0.0017487498940588024
2022-03-17,0.0012195121951219523,0.0010528455284552856
2022-03-18,0.0,0.0
2022-03-21,0.0,0.0
2022-03-22,-0.0006111224281931301,-0.0007777890948597968
2022-03-23,0.0,0.0
2022-03-24,0.0,0.0
2022-03-25,0.00607301262367795,0.005906345957011283
2022-03-28,0.0,0.0
2022-03-29,0.0,0.0
2022-03-30,0.0,0.0
2022-03-31,0.004603653967425718,0.004103653967425717
2022-04-01,0.006386200539864347,0.00621953387319768
2022-04-06,0.0,0.0
2022-04-07,0.0,0.0
2022-04-08,0.0,0.0
2022-04-11,0.010030556662681009,0.009863889996014341
2022-04-12,0.0,0.0
2022-04-13,-0.008344487672720224,-0.008844487672720225
2022-04-14,-0.0011338427409415635,-0.00130050940760823
2022-04-15,0.003266666666666677,0.0031000000000000103
2022-04-18,0.0,0.0
2022-04-19,0.004527559055118109,0.004360892388451443
2022-04-20,-0.0018277523732390666,-0.0021610857065724
2022-04-21,0.0,0.0
2022-04-22,0.0021773555027711686,0.0020106888361045017
2022-04-25,0.00532964863797869,0.0051629819713120235
2022-04-26,0.0,0.0
2022-04-27,0.001114265960862652,0.0007809326275293186
2022-04-28,-0.000685871056241442,-0.0008525377229081087
2022-04-29,0.0,0.0
2022-05-05,0.0006685385746757477,0.0005018719080090811
2022-05-06,0.0,0.0
2022-05-09,-0.0002738413089614644,-0.0004405079756281311
2022-05-10,-0.0029175784099197597,-0.0030842450765864262
2022-05-11,0.002334466448800384,0.0018344664488003832
2022-05-12,0.0044389027431421075,0.00427223607647544
2022-05-13,0.0031806615776081384,0.003013994910941472
2022-05-16,-0.0031552324547166424,-0.003655232454716643
2022-05-17,-0.011608779544988476,-0.011942112878321809
2022-05-18,0.0034751181540172427,0.0033084514873505757
2022-05-19,-0.001432785503581983,-0.0015994521702486497
2022-05-20,0.0,0.0
2022-05-23,0.0013691924525238708,0.0010358591191905375
2022-05-24,0.00012996228367293897,-0.00020337104966039436
2022-05-25,0.005446135481945724,0.005279468815279058
2022-05-26,-0.0014981273408239588,-0.0016647940074906258
2022-05-27,-0.004878048780487809,-0.005044715447154476
2022-05-30,0.0,0.0
2022-05-31,0.00028290896987855546,0.00011624230321188881
2022-06-01,0.0,0.0
2022-06-02,-0.002549394518801762,-0.002716061185468429
2022-06-06,0.005761782121552317,0.005428448788218983
2022-06-07,0.0,0.0
2022-06-08,0.002302218501465022,0.002135551834798355
2022-06-09,0.0,0.0
2022-06-10,0.0,0.0
2022-06-13,0.0,0.0
2022-06-14,-0.0034976047209375936,-0.00366427138760426
2022-06-15,0.002084853194909179,0.0017515198615758456
2022-06-16,0.00033558173093054905,0.00016891506426388236
2022-06-17,0.006010051485315489,0.005676718151982156
2022-06-20,0.015109679398680798,0.01494301273201413
2022-06-21,-0.0067217673495094665,-0.0070551006828428004
2022-06-22,0.0,0.0
2022-06-23,-0.0022079772079772,-0.002374643874643867
2022-06-24,-0.00807026661525482,-0.008403599948588155
2022-06-27,0.006520356234096673,0.006353689567430006
2022-06-28,0.0,0.0
2022-06-29,0.0,0.0
2022-06-30,0.0,0.0
2022-07-01,-0.010461777463584085,-0.010795110796917418
2022-07-04,0.0046167465164572334,0.0042834131831239
2022-07-05,-0.004784639592123312,-0.005117972925456645
2022-07-06,0.0,0.0
2022-07-07,0.003451257534816047,0.0031179242014827135
2022-07-08,0.0,0.0
2022-07-11,-0.01167778836987606,-0.011844455036542726
2022-07-12,0.011583333333333315,0.01141666666666665
2022-07-13,0.0,0.0
2022-07-14,0.0,0.0
2022-07-15,0.019765285615420087,0.019431952282086756
2022-07-18,-0.021218127268304226,-0.021718127268304226
2022-07-19,-0.002925648101151701,-0.0032589814344850345
2022-07-20,0.0,0.0
2022-07-21,0.0,0.0
2022-07-22,0.0,0.0
2022-07-25,0.0009776495603409652,0.0006443162270076318
2022-07-26,0.0,0.0
2022-07-27,0.0,0.0
2022-07-28,0.0,0.0
2022-07-29,0.0,0.0
2022-08-01,-0.006214065915392493,-0.006547399248725827
2022-08-02,-0.0009965635738831875,-0.0011632302405498542
2022-08-03,-0.0012103082733591435,-0.001543641606692477
2022-08-04,-0.00022327562517180746,-0.0003899422918384741
2022-08-05,0.0,0.0
2022-08-08,0.0,0.0
2022-08-09,-0.005499659610787244,-0.005832992944120578
2022-08-10,-0.0023598820058997236,-0.00252654867256639
2022-08-11,0.0011886568177958967,0.00102199015112923
2022-08-12,0.002590254168690335,0.0024235875020236683
2022-08-15,0.0,0.0
2022-08-16,-0.0051344743276283316,-0.005301140994294999
2022-08-17,0.011418405348898005,0.01108507201556467
2022-08-18,0.0,0.0
2022-08-19,0.0,0.0
2022-08-22,-0.0024869822025336275,-0.0026536488692002944
2022-08-23,0.003911776945484835,0.003745110278818168
2022-08-24,0.0,0.0
2022-08-25,0.0,0.0
2022-08-26,0.0,0.0
2022-08-29,0.0,0.0
2022-08-30,0.00037631925557209583,0.00020965258890542917
2022-08-31,0.002465753424657565,0.002299086757990898
2022-09-01,0.004692293809781645,0.004525627143114978
2022-09-02,-0.003056932240049104,-0.0035569322400491044
2022-09-05,-0.0037442922374429552,-0.003910958904109622
2022-09-06,-0.0013484358144552437,-0.0015151024811219105
2022-09-07,-0.0020743145743145805,-0.002240981240981247
2022-09-08,0.0,0.0
2022-09-09,0.00545129579982125,0.005284629133154584
2022-09-13,-8.783487044357792e-05,-0.0002545015371102446
2022-09-14,-0.0013574660633484115,-0.0015241327300150782
2022-09-15,0.007736439906934918,0.007236439906934918
2022-09-16,0.0,0.0
2022-09-19,-0.0006325110689437233,-0.0007991777356103901
2022-09-20,0.0,0.0
2022-09-21,0.0,0.0
2022-09-22,0.0,0.0
2022-09-23,7.340527049840932e-05,-9.326139616825735e-05
2022-09-26,-0.0055029364916498276,-0.005836269824983161
2022-09-27,-0.0020135666284330687,-0.002513566628433069
2022-09-28,0.0,0.0
2022-09-29,0.0,0.0
2022-09-30,0.005788542349034402,0.005455209015701068
2022-10-10,0.003986599664991634,0.0038199329983249672
2022-10-11,-0.012359859510932917,-0.012859859510932917
2022-10-12,0.0,0.0
2022-10-13,0.0,0.0
2022-10-14,0.003888888888888905,0.003722222222222238
2022-10-17,0.0042325251308339045,0.003899191797500571
2022-10-18,0.0006772009029345494,0.0005105342362678827
2022-10-19,-0.0015429029187072896,-0.00204290291870729
2022-10-20,0.0,0.0
2022-10-21,0.0,0.0
2022-10-24,0.0,0.0
2022-10-25,0.000491642084562427,0.0003249754178957603
2022-10-26,0.0,0.0
2022-10-27,0.00021896211955330092,5.229545288663425e-05
2022-10-28,0.000509239051360392,0.0003425723846937254
2022-10-31,0.0,0.0
2022-11-01,-0.008990110878034141,-0.009156777544700808
2022-11-02,0.0,0.0
2022-11-03,-0.005490196078431375,-0.005656862745098042
2022-11-04,0.002729729440963021,0.002396396107629687
2022-11-07,0.0013297914253520189,0.0009964580920186854
2022-11-08,0.006687075980441455,0.006353742647108122
2022-11-09,0.0,0.0
2022-11-10,0.0,0.0
2022-11-11,0.0,0.0
2022-11-14,-0.0010081569058747835,-0.00117482357254145
2022-11-15,-0.001226797501216866,-0.0015601308345501996
2022-11-16,0.0,0.0
2022-11-17,0.0,0.0
2022-11-18,-0.0014227642276422776,-0.0015894308943089446
2022-11-21,0.003876759844929597,0.00371009317826293
2022-11-22,0.0,0.0
2022-11-23,0.0,0.0
2022-11-24,0.0012629679747406437,0.0010963013080739772
2022-11-25,0.0,0.0
2022-11-28,0.0,0.0
2022-11-29,0.0,0.0
2022-11-30,0.0,0.0
2022-12-01,0.0,0.0
2022-12-02,0.012083808707028002,0.011583808707028001
2022-12-05,-8.760402978535975e-05,-0.00025427069645202644
2022-12-06,0.007124681933842229,0.006958015267175562
2022-12-07,0.0018482763173094385,0.0016816096506427718
2022-12-08,-0.004334314631679807,-0.00466764796501314
2022-12-09,0.0,0.0
2022-12-12,-0.0008449514152936155,-0.0010116180819602822
2022-12-13,0.0,0.0
2022-12-14,0.0,0.0
2022-12-15,0.0,0.0
2022-12-16,-0.0027757367948404075,-0.002942403461507074
2022-12-19,-0.0018643172969049122,-0.002030983963571579
2022-12-20,-0.0010185892538833545,-0.001185255920550021
2022-12-21,0.0,0.0
2022-12-22,-0.0033339507316169823,-0.003500617398283649
2022-12-23,0.0032778618255169256,0.0031111951588502587
2022-12-26,0.0,0.0
2022-12-27,0.0,0.0
2022-12-28,0.0,0.0
2022-12-29,0.0,0.0
2022-12-30,0.0,0.0
