factor,cost_bps,samples,trades,rank_ic,mean_net_bps,sharpe,total_return,max_drawdown,active_win_rate
gap_raw,5,2078,625,-0.0099375767931136,-0.23478152078652323,-0.07623011376668089,-0.025460246382124185,-0.11092376954248484,0.4768
gap_atr,5,2078,625,-0.006896501980342254,-1.057271525536158,-0.36775437601464794,-0.08108520937354968,-0.13382427730385793,0.4784
gap_vol,5,2078,625,-0.006371801210557224,-1.0089081182901254,-0.34798848186880516,-0.07795645571174414,-0.1316139419805361,0.4768
gap_breakout,5,2078,534,-0.02962230678620553,-2.2465858282331332,-0.8612652135649826,-0.15617631333580706,-0.1625824414765914,0.43258426966292135
gap_trend5,5,2078,625,-0.025875886105557983,-0.9667602807671496,-0.31768185466397886,-0.07581867290745392,-0.14978300548010637,0.4352
gap_trend20,5,2078,625,-0.011959942569753634,-1.7753503754407853,-0.5621687742366661,-0.1292366419792338,-0.17057062636438103,0.4528
gap_volume,5,2078,625,0.002117954541063847,0.39141744527087596,0.12785453341171846,0.020110954936074732,-0.08095079617995393,0.4832
gap_oi,5,2078,625,-0.0005064846535300024,0.22917107117757912,0.07668654971226288,0.008550189346542947,-0.08316407080181876,0.4816
gap_confirm,5,2078,625,-0.02905469844110259,-1.7206177478524678,-0.5586810942414551,-0.12536625989884742,-0.16161410215199445,0.4608
gap_retained,5,2078,625,-0.04467624477842585,-2.5122044940083352,-0.7850410527588024,-0.174925277885835,-0.17854440927263793,0.4512
gap_unfilled,5,2078,507,-0.04584662709065395,-2.864429012456355,-1.0719454041680112,-0.19354194438609795,-0.19660437873021974,0.4378698224852071
gap_close_strength,5,2078,625,-0.022240537843008196,-1.082287637470314,-0.34168346867249366,-0.08421194744462313,-0.14386542784186895,0.4656
gap_sum3,5,2078,625,0.0039486617521575515,-2.2479803473019877,-0.6819839869059516,-0.15939389203118237,-0.2019387769415415,0.464
gap_sum5,5,2078,625,-0.01205647407260022,-2.883992645992171,-0.8844440189359173,-0.19726617424761939,-0.20958566167765935,0.4576
gap_acceleration,5,2078,625,-0.00011995212340826002,-0.44811002724277255,-0.14431743277835107,-0.04060627860772659,-0.10203866166754005,0.4608
gap_compression,5,2078,626,-0.010505604575558344,-0.5133363832256436,-0.1840765223348162,-0.043522062184254695,-0.14188346823367337,0.4712460063897764
