,gap_raw,gap_atr,gap_vol,gap_breakout,gap_trend5,gap_trend20,gap_volume,gap_oi,gap_confirm,gap_retained,gap_unfilled,gap_close_strength,gap_sum3,gap_sum5,gap_acceleration,gap_compression
gap_raw,1.0,0.9089329193301099,0.881331552780515,0.777880658025051,0.7452327382275259,0.6947225119943623,0.8903760639460989,0.6489828585637903,0.6366120779130128,0.8699499498029326,0.9032986261670402,0.7093066320709479,0.6206197619424648,0.462532951494081,0.9306258336442794,0.8806141200903361
gap_atr,0.9089329193301099,1.0,0.9883461124185414,0.8499729934362922,0.7009580888397562,0.6127402515314408,0.8238580949162,0.5543006480911962,0.5715691203903702,0.7830291263715528,0.8136332183250851,0.6059139000164323,0.5341481822091937,0.39998861059378904,0.8456721554503245,0.9704857623363601
gap_vol,0.881331552780515,0.9883461124185414,1.0,0.8269758059930514,0.6757094903192703,0.5948451055238572,0.7977649896339896,0.5513152698990599,0.5699817532525443,0.7647037421092038,0.7805953909825495,0.5812215070338004,0.5066311036967087,0.3786298715636889,0.822537559197535,0.9663130191906184
gap_breakout,0.777880658025051,0.8499729934362922,0.8269758059930514,1.0,0.6932293013571681,0.5348341603886569,0.6747082308963105,0.4509946390415951,0.42268202670496235,0.6579307373922625,0.7706935972037792,0.6184464200467731,0.5059595946541099,0.3854592918127561,0.7018568357411524,0.8189947318868444
gap_trend5,0.7452327382275259,0.7009580888397562,0.6757094903192703,0.6932293013571681,1.0,0.6844838572739876,0.6721489990179941,0.3969746295550643,0.48280665934409417,0.6429072324811481,0.6819562966784608,0.6352060514119022,0.6298610481301742,0.55423897872794,0.588079529584466,0.6596837643554238
gap_trend20,0.6947225119943623,0.6127402515314408,0.5948451055238572,0.5348341603886569,0.6844838572739876,1.0,0.6354827613099929,0.3998826247852144,0.5168812125611272,0.6249558438134246,0.6109926491750823,0.5161281963772654,0.5255583561263292,0.44060178777997216,0.5854679814867606,0.5818058866367198
gap_volume,0.8903760639460989,0.8238580949162,0.7977649896339896,0.6747082308963105,0.6721489990179941,0.6354827613099929,1.0,0.6172373916947798,0.6658219687989866,0.8243044733178939,0.7782138574801237,0.6068259482258642,0.5557255448311326,0.4137157676628388,0.8276327073718697,0.7751125008007801
gap_oi,0.6489828585637903,0.5543006480911962,0.5513152698990599,0.4509946390415951,0.3969746295550643,0.3998826247852144,0.6172373916947798,1.0,0.503254273035516,0.6045287916552771,0.5817792860478218,0.4430400950662686,0.34860607453046355,0.23355602340403223,0.643171528546797,0.5914971533644626
gap_confirm,0.6366120779130128,0.5715691203903702,0.5699817532525443,0.42268202670496235,0.48280665934409417,0.5168812125611272,0.6658219687989866,0.503254273035516,1.0,0.8469932659585367,0.6534488041632176,0.5666332241206093,0.42683311984358224,0.30775884642997714,0.5905461850823919,0.5626849212845842
gap_retained,0.8699499498029326,0.7830291263715528,0.7647037421092038,0.6579307373922625,0.6429072324811481,0.6249558438134246,0.8243044733178939,0.6045287916552771,0.8469932659585367,1.0,0.8924175787174237,0.7891087862396353,0.5432496480462518,0.39060401759211305,0.8197494225955926,0.752963690440567
gap_unfilled,0.9032986261670402,0.8136332183250851,0.7805953909825495,0.7706935972037792,0.6819562966784608,0.6109926491750823,0.7782138574801237,0.5817792860478218,0.6534488041632176,0.8924175787174237,1.0,0.744198229537741,0.5663829912749384,0.41479436943887277,0.8433414744736253,0.7817037503697091
gap_close_strength,0.7093066320709479,0.6059139000164323,0.5812215070338004,0.6184464200467731,0.6352060514119022,0.5161281963772654,0.6068259482258642,0.4430400950662686,0.5666332241206093,0.7891087862396353,0.744198229537741,1.0,0.5200162120515226,0.3587877432764235,0.6533318342911002,0.5443747619463551
gap_sum3,0.6206197619424648,0.5341481822091937,0.5066311036967087,0.5059595946541099,0.6298610481301742,0.5255583561263292,0.5557255448311326,0.34860607453046355,0.42683311984358224,0.5432496480462518,0.5663829912749384,0.5200162120515226,1.0,0.8034372774690781,0.39754775759456723,0.4934647376345337
gap_sum5,0.462532951494081,0.39998861059378904,0.3786298715636889,0.3854592918127561,0.55423897872794,0.44060178777997216,0.4137157676628388,0.23355602340403223,0.30775884642997714,0.39060401759211305,0.41479436943887277,0.3587877432764235,0.8034372774690781,1.0,0.16262523043319946,0.36933417260351054
gap_acceleration,0.9306258336442794,0.8456721554503245,0.822537559197535,0.7018568357411524,0.588079529584466,0.5854679814867606,0.8276327073718697,0.643171528546797,0.5905461850823919,0.8197494225955926,0.8433414744736253,0.6533318342911002,0.39754775759456723,0.16262523043319946,1.0,0.8235112945287647
gap_compression,0.8806141200903361,0.9704857623363601,0.9663130191906184,0.8189947318868444,0.6596837643554238,0.5818058866367198,0.7751125008007801,0.5914971533644626,0.5626849212845842,0.752963690440567,0.7817037503697091,0.5443747619463551,0.4934647376345337,0.36933417260351054,0.8235112945287647,1.0
