candidate,product,rank_ic,trades,net_sum
gap_raw,AG,-0.010747290042948098,75,-0.2848982457240738
gap_raw,AU,-0.004501408113811132,96,-0.0444120429380539
gap_raw,RB,-0.04058828544609123,65,-0.10335478371045487
gap_volume,AG,-0.008014786811655298,90,-0.2360629320187032
gap_volume,AU,0.0059372697241137674,97,-0.020586162576991134
gap_volume,RB,-0.049241244614021136,83,-0.14696122811483642
ridge__gap,AG,-0.10695683127740667,42,-0.18487856758241406
ridge__gap,AU,-0.07010555870368454,74,-0.09034650426880275
ridge__gap,RB,-0.0457615473725953,21,-0.1530066555040101
ridge__context,AG,0.007501017690092532,80,-0.12809995019136666
ridge__context,AU,0.06809702301232604,84,0.0836992198086366
ridge__context,RB,-0.009187397748074613,119,-0.004611169275882954
ridge__combined,AG,-0.030215447102884107,45,-0.1125291855688389
ridge__combined,AU,0.04090405304544168,82,0.047050171618432515
ridge__combined,RB,-0.018852349181599764,95,0.07609028999001283
elastic_net__gap,AG,-0.11302754145884987,31,-0.06351858209806854
elastic_net__gap,AU,-0.07956657747505548,100,-0.13759837445222622
elastic_net__gap,RB,-0.10329682619332628,4,-0.06609387173687842
elastic_net__context,AG,0.021683905141464274,46,0.06493474394473975
elastic_net__context,AU,0.08477082437541773,89,0.10510572988501071
elastic_net__context,RB,-0.0013759023803673602,102,-0.06416771440658564
elastic_net__combined,AG,-0.04065620955762225,50,-0.05026390576788331
elastic_net__combined,AU,0.03760076769966502,100,-0.008777306743311775
elastic_net__combined,RB,-0.007573829673665275,98,-0.11146986473309006
random_forest__gap,AG,-0.010004688064546057,41,-0.07634586943762783
random_forest__gap,AU,-0.04398890379001862,28,-0.04430783923889359
random_forest__gap,RB,0.03413522674780089,24,0.012631582723539703
random_forest__context,AG,0.03229837404447864,64,-0.004747875678951297
random_forest__context,AU,0.05469651971679241,104,0.17988550885459365
random_forest__context,RB,-0.021747402029342344,29,0.03292440338100283
random_forest__combined,AG,0.03100479217329898,79,0.0942908322285067
random_forest__combined,AU,0.07229545859602562,64,0.07984179373842326
random_forest__combined,RB,0.012641088104102374,37,0.0511759232996421
hist_boost__gap,AG,0.04514227123772435,73,-0.04876924504971142
hist_boost__gap,AU,0.001973656204102542,59,-0.013252553100039198
hist_boost__gap,RB,-0.0342479455539926,50,-0.11458851160638228
hist_boost__context,AG,-0.001182697779229025,81,-0.06305683797050338
hist_boost__context,AU,-0.00278630958055701,72,-0.09844605069147894
hist_boost__context,RB,0.004166570692379162,44,0.018510475214909228
hist_boost__combined,AG,0.05758016266390507,83,-0.02177855930947331
hist_boost__combined,AU,-0.011482356056003309,100,0.061349028389553584
hist_boost__combined,RB,-0.012915549586206323,51,0.06457115076856973
