entry_date,gap_raw,gap_volume,ridge__gap,ridge__context,ridge__combined,elastic_net__gap,elastic_net__context,elastic_net__combined,random_forest__gap,random_forest__context,random_forest__combined,hist_boost__gap,hist_boost__context,hist_boost__combined
2023-01-03,0.0,0.0,0.0,0.0,0.0,0.0,0.0,0.0,0.0,0.0,0.0,0.0,0.0,0.0
2023-01-04,0.0,0.0,0.0,0.0,0.0,0.0,0.0,0.0,0.0,0.0,0.0,0.0,0.0,0.0
2023-01-05,0.0,0.0,0.0,0.0,0.0,0.0,0.0,0.0,0.0,0.0,0.0,-0.00830735769326372,0.0,0.0
2023-01-06,0.0,0.0,0.0,0.00611796080377075,0.0,0.0,0.0,0.0,0.0,-0.0017045367166474423,-0.0017045367166474423,0.0,-0.0036340161208490893,-0.0017045367166474423
2023-01-09,-0.001141088103938296,-0.0069299516908212415,0.0038048814232465866,0.0,0.0038048814232465866,0.0038048814232465866,0.0038048814232465866,0.0038048814232465866,0.0,0.0038048814232465866,0.0,0.0038048814232465866,0.0,0.0038048814232465866
2023-01-10,0.0,0.0,0.0,0.0,0.0,0.0,0.0,0.0,0.0,-0.00035971685971682605,0.0,0.0,0.0,0.0
2023-01-11,0.0,0.0,0.0,0.0,0.0,0.0,0.0,0.0,0.0,0.0,0.0,0.0,0.0,0.0
2023-01-12,0.0,0.0,0.0,0.0,0.0,0.0,0.0,0.0,0.0,0.0,0.0,0.0,0.0,0.0
2023-01-13,0.0,0.0,0.0,-0.0014377184620273191,0.0,0.0,-0.0014377184620273191,0.0,0.0,0.0,0.0,0.0,0.0,0.0
2023-01-16,0.0,0.00849717622898218,0.0,0.00849717622898218,0.0,0.0,0.00849717622898218,0.00849717622898218,0.0,0.0,0.0,0.00849717622898218,0.0,0.0
2023-01-17,-0.0030233431276526037,-0.0039448692017546305,0.0,-0.0014064107200845164,-0.0009215260741020265,0.0,0.0,0.0,-0.0030233431276526037,0.0,-0.0030233431276526037,-0.0039448692017546305,0.0005881927407686932,-0.0009215260741020265
2023-01-18,0.0,0.00014697026721867878,0.0,0.0,0.0,0.0,0.0,0.0,0.0,0.0,0.0,0.0,0.0,0.0
2023-01-19,0.002233717394783193,0.0,0.0,0.00024552141792697873,0.0,0.0,0.0,0.0,0.0,0.0,0.0,0.0,0.0,0.0
2023-01-20,0.002369392930733849,0.011227415234608018,0.008858022303874169,0.008858022303874169,0.008858022303874169,0.008858022303874169,0.008858022303874169,0.008858022303874169,0.008858022303874169,0.008858022303874169,0.008858022303874169,0.0,0.0,0.008858022303874169
2023-01-30,0.0,0.0,0.0,-0.0008370109107936893,0.0,0.0,0.0,0.0,0.0,0.0,0.0,0.0,0.0,0.0
2023-01-31,0.00036885760549881796,-0.004690476190476189,0.0,0.0,0.0,0.0,0.0,0.0,0.0,0.0,0.0,-0.003665394402035634,0.0,0.0
2023-02-01,0.0,0.0,0.0,-0.002697103525105419,0.0,0.0,0.0,0.0,0.0,0.0,0.0,0.0,0.0,0.0
2023-02-02,-0.006440272709813714,-0.006440272709813714,-0.0027456095156792593,0.0,0.0,0.0021853088349039576,0.0,0.0,-0.004930918350583217,0.0,0.0,0.0,0.0,0.0
2023-02-03,0.0,0.0,0.0,0.0,0.0,0.0,0.0,0.0,0.0,0.0,0.0,0.0,-0.000578189300411554,0.0
2023-02-06,-0.01132051282051281,-0.01132051282051281,-0.01132051282051281,-0.0005777832593323501,-0.01132051282051281,-0.01579081613955365,0.0,-0.01132051282051281,0.0,-0.00447030331904084,0.0,0.0,0.010987179487179477,-0.00447030331904084
2023-02-07,0.0,0.0,0.0,-0.0019620342826561035,0.0,0.0,-0.0019620342826561035,-0.0019620342826561035,0.0,-0.0013604589468099355,-0.0013604589468099355,0.0,0.00026824200251283453,-0.0013604589468099355
2023-02-08,0.0,0.0,0.0,0.0,0.0,0.0,0.0,0.0,0.0,0.0,0.0,0.00357398171238571,0.0,0.0
2023-02-09,0.0,0.0,0.0,-0.0008980982778110102,0.0,0.0,-0.0008980982778110102,0.0,0.0,0.0,0.0,0.0,0.0,0.0
2023-02-10,0.0,0.0,0.0,-0.005163668465587301,0.0,0.0,-0.005163668465587301,0.0,0.0,0.0,0.0,0.0,0.0,0.0
2023-02-13,0.0,0.0,-0.007026737746921215,0.0,-0.007026737746921215,0.0,0.0006409051264657334,0.0,0.0,0.0,0.0,0.0,-0.0009745842590722456,-0.0009745842590722456
2023-02-14,0.0,0.0,0.0,0.0016059339917278703,0.0016059339917278703,0.0,0.0016059339917278703,0.0016059339917278703,0.0,0.0,0.0,0.0,-0.000368686868686833,0.0
2023-02-15,0.0,0.0,0.0,-0.0008438981443857351,0.0,0.0,0.0,0.0,0.0,0.0,0.0,0.0,0.0,0.0
2023-02-16,0.0,-0.0022124931805782753,0.0,0.0,0.0,0.0,0.0006767224601011795,0.0,-0.0022124931805782753,0.0,-0.0022124931805782753,-0.0015357707204770958,0.0,-0.0022124931805782753
2023-02-17,0.0,0.0,0.0,0.0,0.0,0.0,0.0,0.0,0.0,0.0,0.0,0.0,0.0,0.0
2023-02-20,0.0,0.0,0.0,0.0,0.0,0.0,0.0,0.0,0.0,0.0,0.0,0.0,-0.001527938483478412,0.0
2023-02-21,-0.004854787445371507,-0.004854787445371507,0.0,0.0,0.0,0.0,0.0,0.0,0.0,0.0,0.0,0.0,0.0,0.0
2023-02-22,0.0,0.0,0.0,0.0,0.0,0.0,0.0,0.0,0.0,0.0,0.0,0.0,0.0,0.0
2023-02-23,0.0023372456964006103,0.0023372456964006103,0.0,0.0,0.0,0.0,0.0,0.0,0.0023372456964006103,0.0,0.0023372456964006103,0.0008670498451638734,0.0,0.0008670498451638734
2023-02-24,-0.00040324106931631043,-0.00040324106931631043,-0.00040324106931631043,0.0,0.0,0.0,0.0,-0.00040324106931631043,0.0,0.0,0.0,-0.00040324106931631043,0.0,-0.001643374949657661
2023-02-27,0.0,0.0,0.0,0.0,0.0,0.0,0.0,0.0,0.0,0.0,0.0,0.0,0.0,0.0
2023-02-28,0.0011062052505966629,0.0011062052505966629,0.0,0.0,0.0,0.0,0.0,0.0,0.0011062052505966629,-0.0003716687166871641,0.0011062052505966629,0.0007345365339094988,-0.0006996543270373724,0.0011062052505966629
2023-03-01,0.0,0.0,0.0,0.0,0.0031067864271457357,0.0,0.0,0.0,0.0,0.0,0.0,0.0,0.0,0.0
2023-03-02,0.0,0.0,0.0,0.0,0.0,0.00015539452495969938,0.0,0.0,0.0,0.0,0.0,0.0,0.0,0.0
2023-03-03,0.0,0.0,0.0,0.0,0.0,0.0,0.0,0.0,0.0,0.0,0.0,0.0,0.0,0.0
2023-03-06,0.0,0.0,0.0,0.0,0.0,0.0,0.0,0.0,0.0,0.0,0.0,0.0,0.0,0.0
2023-03-07,0.0,0.0,-0.00016666666666666666,0.0,0.0,-0.00016666666666666666,0.0,-0.00016666666666666666,0.0,0.0,0.0,0.002682336182336172,0.0,0.0
2023-03-08,0.0,0.0,0.0,0.0,0.0,0.0,0.0,0.0,0.0,0.0,0.0,0.0,0.0,0.0
2023-03-09,0.0,-0.0005367509815279631,0.0,0.0,0.0,0.0002034176481946298,0.0,0.0002034176481946298,0.00026941259292830526,0.0,0.00026941259292830526,0.0008061635744562684,0.0,0.00026941259292830526
2023-03-10,0.0,0.0,0.0,0.0,0.0,0.0016471083931237456,0.0,0.0,0.0,0.0,0.0,0.0,0.0,0.0
2023-03-13,0.0,0.0,0.0,0.0,0.0,0.0,0.0,0.0,0.0,0.0,0.0,0.0,0.0,0.0
2023-03-14,0.0,3.119641208284207e-05,0.0,0.0,0.0,0.0,0.0,0.0,0.0,0.0017677518282614064,0.0,0.0,0.0,0.0
2023-03-15,0.003532798402136809,0.003532798402136809,-0.000538282295793668,0.00012178371080699257,-0.000538282295793668,-0.000538282295793668,-4.158262582667109e-05,-0.000538282295793668,-0.000496699669966997,-4.158262582667109e-05,-4.158262582667109e-05,-0.000538282295793668,0.0,-0.000538282295793668
2023-03-16,0.0,0.0,0.0,-0.002014753896383892,0.0,0.0,-0.002014753896383892,0.0,0.0,-0.002014753896383892,-0.002014753896383892,0.006188715953307407,0.0,0.0
2023-03-17,-0.0064688775271038446,-0.0064688775271038446,-5.8786813999715196e-05,-0.0002745465193336181,-5.8786813999715196e-05,-5.8786813999715196e-05,-0.0002745465193336181,-5.8786813999715196e-05,-0.003889517270263154,-0.0002745465193336181,0.0,0.0007405870897531089,0.004512530732016832,0.0007405870897531089
2023-03-20,0.01206707953473111,0.01206707953473111,-0.005792545710267234,0.007370444413805762,0.007370444413805762,0.0,0.007370444413805762,0.007370444413805762,-0.005029968454258682,0.007370444413805762,0.007370444413805762,0.0,0.0,0.007370444413805762
2023-03-21,-0.00012136655341641678,-0.00012136655341641678,-0.005734713128750235,0.0,-0.0018640161901031422,-0.00021196677991691657,0.0,-0.005734713128750235,-0.002075982970020059,0.0,0.0,0.0,-0.0018640161901031422,-0.00012136655341641678
2023-03-22,0.0016665390173152457,0.002611870274209671,0.0006119979235610918,0.0,0.0,0.002611870274209671,0.0,-0.0008075382520227509,0.0,0.0,0.0,-0.0029452036075430046,0.0,-0.0029452036075430046
2023-03-23,-0.003453311217594309,-0.003453311217594309,0.0,0.003119977884260975,0.003119977884260975,0.0,0.003119977884260975,0.0,0.0,0.003119977884260975,0.003119977884260975,0.0,0.0,0.0
2023-03-24,0.0,-0.0023133735269936597,0.0,0.0,0.0,0.0,0.0,0.0,0.0,0.0019800401936603262,0.0,-0.0023133735269936597,0.0019800401936603262,0.0
2023-03-27,0.0,-0.0018168316831683184,0.0,0.0014834983498349847,0.0,-0.004343663135752389,0.0014834983498349847,0.0,0.0,-0.004343663135752389,0.0,0.0,-0.004343663135752389,-0.004343663135752389
2023-03-28,-0.0013124246289648034,-0.0013124246289648034,0.000962920058788619,0.0,0.0,0.000962920058788619,0.0,0.0013225251780888958,0.0,0.0013225251780888958,0.0013225251780888958,-0.0022753446877534222,0.0013225251780888958,0.0013225251780888958
2023-03-29,-7.531743856764568e-05,-7.531743856764568e-05,-0.00025801589476568765,0.0,-0.00025801589476568765,-0.00025801589476568765,0.0,-0.00025801589476568765,0.0,-0.00025801589476568765,0.0,0.0,-0.00025801589476568765,-0.00025801589476568765
2023-03-30,0.00044202236932205946,0.0,0.0,0.0,0.0,0.0,0.0,0.0,0.0,0.00044202236932205946,0.0,0.0,0.004039834289356299,0.00044202236932205946
2023-03-31,-0.001363984674329503,0.0,0.0,0.0,0.0,0.0,0.0,0.0,0.0,0.0015648561620948038,0.0,0.0,0.0,0.0
2023-04-03,0.0,0.0,0.0,0.0,0.0,0.0,-0.009674361453549255,-0.009674361453549255,0.0,-0.00408378705384151,0.0,0.0,-0.00408378705384151,-0.00408378705384151
2023-04-04,0.0,0.0,0.0,-0.0038980099502487486,-0.0038980099502487486,0.0,-0.0038980099502487486,-0.0038980099502487486,0.0,-0.0038981915702996175,-0.0038981915702996175,0.0,-1.816200508688616e-07,-0.0038981915702996175
2023-04-06,0.003392396964914409,0.003392396964914409,0.0,-0.002018518518518512,-0.002018518518518512,0.0,-0.002018518518518512,-0.002018518518518512,0.0,0.0,0.0,0.0,0.0038420796890184516,0.0
2023-04-07,-0.00022929464656693913,-0.00022929464656693913,-0.0037248214128123105,0.002954116059379249,0.0023995054953685293,-0.0005546105640107193,0.002954116059379249,0.0023995054953685293,-0.0037248214128123105,0.00022127723067738594,0.0,-0.0037248214128123105,0.00022127723067738594,-0.003170210848801591
2023-04-10,-0.007916666666666664,-0.007916666666666664,0.0,-0.007916666666666664,-0.007916666666666664,0.0,-0.007916666666666664,-0.005154638096945792,0.0,-0.00015205492786022715,0.002762028569720872,-0.005154638096945792,-0.00015205492786022715,-0.008068721594526892
2023-04-11,0.0,0.002220985759358751,0.0,-7.228151361534281e-05,0.002220985759358751,0.0,0.002220985759358751,-7.228151361534281e-05,0.0,0.004180919698999512,0.002220985759358751,0.004886838829930684,0.004180919698999512,0.006846772769571445
2023-04-12,0.0,0.0,-0.0068189500179791085,-0.003550761421319807,-0.010369711439298915,0.0,-0.003550761421319807,-0.010369711439298915,0.0,0.00313336633366329,0.0,0.0,0.009618983018309065,0.00313336633366329
2023-04-13,0.0,0.0,0.0,-0.0004072392892702041,-0.0010850921354491245,0.0,-0.0004072392892702041,-0.0004072392892702041,0.0,-0.0010850921354491245,-0.0010850921354491245,0.0,0.001466176813622581,-0.0010850921354491245
2023-04-14,0.0014487679334755554,0.0014487679334755554,-0.0008513764317275018,0.0006911133985246233,-0.0009179175681538104,-0.0008513764317275018,0.0006911133985246233,0.0006911133985246233,0.0,-0.0009179175681538104,0.0006911133985246233,0.0006911133985246233,0.0,0.0006911133985246233
2023-04-17,-0.006414468958040949,-0.006414468958040949,0.0018092362318194815,0.0,0.0,0.0018092362318194815,0.0,0.0,0.0,-0.006414468958040949,0.0,0.0,-0.002142569565152815,-0.002142569565152815
2023-04-18,-0.00013665691349686485,-0.00013665691349686485,-0.00019667641983646847,0.0002558090409801596,0.0002558090409801596,-0.00019667641983646847,0.0002558090409801596,0.0,0.0,-0.003764703630720826,-0.003764703630720826,-0.00019667641983646847,-0.00019667641983646847,-0.0035088945897406667
2023-04-19,-0.0017345719249406422,-0.002107594936708849,0.0,-0.002107594936708849,0.0,0.0,-0.002107594936708849,0.0,0.0,-0.002107594936708849,0.0,-0.002107594936708849,-0.002107594936708849,-0.002107594936708849
2023-04-20,0.0,0.0,0.0,0.0,0.0,0.0,0.0,0.0,0.0,0.0,0.0,0.0,0.0,0.0
2023-04-21,0.009937291862155232,0.009937291862155232,0.0,-0.008192622950819664,0.0,-0.0024113355780022347,-0.008192622950819664,0.0,0.0,0.0,0.0,0.0,0.0,0.0
2023-04-24,0.0,0.008232283464566928,-0.005144131733307485,0.0,0.0,-0.0009656656566113252,-0.008565616797900263,-0.008565616797900263,0.008232283464566928,0.0,0.008232283464566928,0.008232283464566928,0.0,0.008232283464566928
2023-04-25,0.0010802161263507675,0.0010802161263507675,0.0010802161263507675,0.0,0.0,0.0,0.0,0.0,0.0,0.0,0.0,0.0,0.0035409560282005184,0.002460739901849751
2023-04-26,0.0,0.0,0.0,0.004283832879200737,0.004283832879200737,0.0,0.004283832879200737,0.004283832879200737,0.0,0.0,0.0,0.0,0.004283832879200737,0.0
2023-04-27,0.0021226147616822586,0.004551994301994285,0.0,0.0,0.0,0.0,0.0,0.0,0.0,0.0,0.0,0.0,0.0,0.0
2023-04-28,-0.002966269303711744,-0.002966269303711744,0.0,-0.002966269303711744,0.0,0.0,-0.002966269303711744,-0.002966269303711744,0.0,0.0,0.0,0.0,0.0,0.0
2023-05-04,0.0,0.0,0.0,-0.0005396196508607639,-0.003790865161230376,0.0,-0.003790865161230376,-0.003790865161230376,0.0,0.0032512455103696123,0.0,0.0,0.0032512455103696123,0.0
2023-05-05,0.006997846245345977,0.006997846245345977,-0.007664512912012644,0.0,-0.0017536909233860458,-0.0017536909233860458,0.0,-0.0008123243490554635,-0.0017536909233860458,0.0,0.0,0.0,0.0,0.0
2023-05-08,0.0,0.0,0.0,0.0,0.0,0.0,0.0,0.0,-0.0007250139586823151,0.0003916806253489818,0.0,0.0,0.0,0.0003916806253489818
2023-05-09,0.001440629470672398,0.005465152388453742,-0.00016666666666666666,-0.0021072961373390653,0.0038578562511146774,-0.00016666666666666666,-0.00016666666666666666,-0.00016666666666666666,0.0,-0.0021072961373390653,-0.00016666666666666666,0.001917226780442279,0.0,-0.0021072961373390653
2023-05-10,0.0,0.0,0.0,0.0,-0.00034733514001807525,0.0,0.0,-0.00034733514001807525,0.0,0.0,0.0,0.0,-0.00034733514001807525,0.0
2023-05-11,0.0,0.0,0.0,0.0,0.0,0.0,0.0,0.0,0.0,0.0,0.0,0.0,0.0,0.0
2023-05-12,-0.0039887299995640295,-0.0039887299995640295,-0.0039887299995640295,0.0,-0.0042485065358768654,0.0,0.0,-0.0002597765363128352,0.0,-0.0002597765363128352,-0.013455949484019514,-0.013196172947706678,-0.0002597765363128352,-0.013455949484019514
2023-05-15,-0.007547816095979469,-0.008078450005594281,5.310389286918493e-05,0.00019730057628147848,5.310389286918493e-05,5.310389286918493e-05,0.00025040446915066344,0.00025040446915066344,-0.008131553898463465,5.310389286918493e-05,-0.008078450005594281,-0.007600919988848653,0.0,-0.0004775300167456269
2023-05-16,0.0,0.0,0.0,-0.004341653052580626,0.0,0.0,-0.004341653052580626,0.0,0.0,0.0,0.0,-0.004341653052580626,0.0,0.0
2023-05-17,0.006701465201465177,0.0,0.0,0.0,0.0,0.0,-0.0016887366818873855,0.0,0.006701465201465177,0.0,0.0,0.006701465201465177,0.006701465201465177,0.0
2023-05-18,0.0,0.0,0.0,1.6819571865408275e-05,0.0,0.0,1.6819571865408275e-05,0.0,0.0,0.0,0.0,0.0,0.0,0.0
2023-05-19,0.0,0.0,0.0,-0.0011426659568489945,-0.0036954397394136826,0.0,-0.0011426659568489945,0.0,0.0,0.0,0.0,-0.0011426659568489945,0.0,0.0
2023-05-22,0.0,0.0,0.0,0.002348888095025444,0.0,0.0,0.002348888095025444,0.002348888095025444,0.0,0.0,0.0,0.0,0.0,0.0
2023-05-23,0.0012955159732376451,0.0012955159732376451,0.0,0.0,0.0,0.0,0.0,0.0,0.0,0.001607873353880666,0.001607873353880666,0.0012955159732376451,0.001607873353880666,0.001607873353880666
2023-05-24,0.0,0.0,0.0,0.0,0.0,0.0,0.0,0.0,0.0,0.0,0.0,0.0,-0.0022009072415994737,0.0
2023-05-25,0.004848623853210998,0.004848623853210998,-0.005181957186544332,0.0,-0.0027685747325816856,0.0,-0.0027685747325816856,-0.0027685747325816856,0.004848623853210998,-0.0027685747325816856,-0.0027685747325816856,0.004848623853210998,-0.0027685747325816856,-0.0027685747325816856
2023-05-26,0.0,0.0,0.0,0.006649965916837068,0.006649965916837068,0.0,0.006649965916837068,0.006649965916837068,0.0,0.0,0.0,0.0,-0.0015381522348980787,0.0
2023-05-29,-0.00019647248178121047,-0.0018891286572700154,0.0,0.002932378827321206,0.0,-0.00013686085155212288,0.0,-0.00013686085155212288,0.0,0.0,0.0,0.0,0.0,-0.0016926561754888048
2023-05-30,0.0,0.0,0.0,-0.004915004748338077,-0.004915004748338077,0.0,-0.004915004748338077,0.0,0.0,0.0,0.0,0.0,0.0,0.0
2023-05-31,0.0,0.0,0.0,0.0,0.00012235067437377247,0.0,0.0,0.00012235067437377247,0.0,0.0,0.0,0.0,0.00012235067437377247,0.0
2023-06-01,-0.0009746584398413655,-0.0009746584398413655,0.0006413251065080322,0.007676470588235266,0.0006413251065080322,0.0006413251065080322,0.0,0.0006413251065080322,0.0,0.0,0.0,0.0,0.0,0.0
2023-06-02,0.0,0.0,0.0,0.0,0.0,0.0,0.0,0.0,0.0,0.0,0.0,0.0,0.00017141450221223428,0.0
2023-06-05,0.0,0.0,0.0,0.0025267278935593627,0.0,0.0,0.0,0.0,0.0,0.0,0.0,0.0,0.0,-0.005186386996534009
2023-06-06,0.0,0.0,0.0,0.0,0.0,0.0,0.0,0.0,0.0018357362167935414,0.0,0.0,0.0018357362167935414,-0.002169069550126875,0.0018357362167935414
2023-06-07,0.0,0.0,0.0,0.0,0.0,0.0,0.0,0.0,0.0,0.0,0.0,0.0,0.0,0.0
2023-06-08,0.0,0.0,0.0,0.0,0.0,0.0,0.0,0.0,0.0,0.0,0.0,0.0,0.0,0.0
2023-06-09,0.0,0.0,0.0,0.0,0.0,0.0,0.0,0.0,0.0,0.0,0.0,0.0,0.0,0.007988095238095202
2023-06-12,-0.00016666666666666666,0.0,0.0,0.0013463687150838122,0.0,0.0,0.0,0.0,0.0,0.0,0.0,0.0,0.0013463687150838122,0.0
2023-06-13,0.0,0.0,0.0,0.0,0.0,0.0,0.0,0.0,0.0,0.0,0.0,0.0,0.0,0.0
2023-06-14,0.0,0.0,0.0,0.0,0.0,0.0,0.0,0.0,0.0,0.0,0.0,0.0,-0.0008059360730593248,0.0
2023-06-15,0.0,0.0,0.0,0.0,0.0,-0.003967385721623011,0.0,0.0,0.0,0.0,0.0,0.0,0.0,0.0
2023-06-16,0.0,0.0,0.0,0.0,0.0,0.0,0.0,0.0,0.0,0.0,0.0,0.0,-0.002900124788305536,0.0048075632266570785
2023-06-19,0.0,0.0,0.0,0.0,0.0,0.0,0.0,0.0,0.0,0.0,0.0,-0.00037247335538402116,0.0,-0.00037247335538402116
2023-06-20,0.0,0.0,0.0,0.0,0.0,0.0,0.0,0.0,0.0,0.0,0.0,0.0,0.0,0.0
2023-06-21,0.0,0.0,0.0,0.0,0.0,0.0,0.0,0.0,0.0,0.0,0.0,0.0,0.0,0.0
2023-06-26,-0.0006555148182095607,-0.0006555148182095607,0.0,0.0,0.0,0.0,0.0005880838217012982,0.0,0.0013738108291506679,0.0,-0.0006555148182095607,0.0,0.0,0.0
2023-06-27,-0.007032106589491864,-0.005711617125715829,0.006365439922825196,0.0,0.006365439922825196,0.004742398305807675,0.0,0.006365439922825196,0.005378283792382495,0.0,0.0,0.006365439922825196,0.0,0.005378283792382495
2023-06-28,-0.0013637935621175952,0.0,0.0010304602287842617,0.0,0.0010304602287842617,0.0010304602287842617,0.0,0.0,0.0,0.0,0.0,0.0,0.0,0.0
2023-06-29,0.0,0.0,0.0,2.6165895336420178e-05,0.0,0.0,2.6165895336420178e-05,2.6165895336420178e-05,0.0,0.0,0.0,0.0,0.0,0.0
2023-06-30,0.0,0.0,0.0,0.0,0.0,0.0,0.0,0.0,0.0,0.0,0.0,0.0,0.0,0.0
2023-07-03,0.0,0.0,-0.00025524847196387946,0.0,0.0,-0.00025524847196387946,0.0,0.0,0.0,0.0,0.0,0.0,0.0,0.0
2023-07-04,0.0,0.0,0.0,0.0,5.441575285934193e-05,0.0,0.0,0.0,0.0,0.0,0.0,0.0,5.441575285934193e-05,0.0
2023-07-05,0.0,0.0,0.0,0.0,0.0,0.0,0.0,0.0,0.0,0.0,0.0,0.0,0.0,0.0
2023-07-06,0.0,0.0,0.0,0.0,0.0,0.0,0.0,0.0,0.0,0.0,0.0,0.0033871220334899164,0.0,0.0
2023-07-07,0.0,0.0,-0.0016642941874258816,0.0,-0.0016642941874258816,-0.0016642941874258816,0.0,0.0,0.0,0.0,0.0,0.0,0.0,0.0
2023-07-10,-0.0032084533695668402,-0.0032084533695668402,0.00017222148550886493,0.0,0.00017222148550886493,0.00017222148550886493,0.0,0.00017222148550886493,-0.0027028985507246417,0.0,0.0,0.0018640103985491097,0.0,0.002017197529369019
2023-07-11,0.0,0.0,0.0,0.0,0.0,-0.0012890508469569812,0.0,0.0,0.0,0.0,0.0,0.0,0.0,0.0
2023-07-12,0.0,-0.00034336852645372435,0.0,0.0,1.0035193120391025e-05,1.0035193120391025e-05,0.0,1.0035193120391025e-05,0.0,0.0,0.0,0.0,0.0,0.0
2023-07-13,0.0,0.0,0.0,0.0,0.0,0.0,0.0,0.0,0.0,0.0,0.0,0.0,0.0,0.0
2023-07-14,0.001333275643244462,0.001333275643244462,0.0,0.004036892943386106,0.0,0.0,0.0,0.0,0.0,0.0,0.0,0.001333275643244462,0.0,0.001333275643244462
2023-07-17,0.0,0.0,0.0,0.0,0.0,0.0,0.0,0.0,0.0,0.0,0.0,0.0,0.0,0.0
2023-07-18,0.0,0.0016088201603665457,0.0,0.0,0.0016088201603665457,0.0,0.0,0.0,0.0,0.0,0.0,0.0,0.0,0.0
2023-07-19,0.0,0.0,0.0,0.0,0.0,0.0,0.0,0.0,0.0,0.0,0.0,0.0,0.0,0.0
2023-07-20,0.0,-0.0010572793219852012,0.0007239459886518679,0.0,0.0007239459886518679,0.0007239459886518679,0.0,0.0007239459886518679,0.0,0.0,0.0,0.0,0.0,-0.0010572793219852012
2023-07-21,0.0,0.0,0.0,0.0,0.0,0.0,0.0,0.0,0.0,0.0029233945727288138,0.0029233945727288138,0.0,0.0,0.0
2023-07-24,-0.0005147651785455581,-0.0005147651785455581,0.00018143184521222485,0.0,0.00018143184521222485,0.00018143184521222485,0.0,0.00018143184521222485,0.00018143184521222485,0.0,0.0,0.0,0.0,0.0
2023-07-25,0.0,0.0,0.0,0.0,0.0,-0.0024224362311296064,0.0,0.0,0.0,0.0,0.0,0.0,0.0,0.0
2023-07-26,-0.000512537829658451,-0.000512537829658451,-0.0021216153127918136,0.0,0.0,0.0,0.0,0.0,0.0,0.0,0.0,0.0,0.0,0.0
2023-07-27,0.0,0.0,0.00048562068765584126,0.0,0.00048562068765584126,0.00048562068765584126,0.0,0.00048562068765584126,0.0,0.0,0.0,0.0,0.0018779746691657089,0.0
2023-07-28,0.0,0.0,0.0,0.0,0.0,0.0,0.0,0.0,0.0,0.0,0.0,0.0,0.0,0.0
2023-07-31,0.0007499636257820391,0.0007499636257820391,0.0,-0.0015961940421241139,0.0,0.0,-0.0010832969591153725,-0.0010832969591153725,0.0,0.0,0.0,-0.0012050882658359294,-0.0012050882658359294,-0.0012050882658359294
2023-08-01,-0.00033853226776657053,-0.00033853226776657053,0.0,5.198934433237191e-06,5.198934433237191e-06,0.0,5.198934433237191e-06,5.198934433237191e-06,0.0,0.0,0.0,-0.00033853226776657053,0.0,0.0
2023-08-02,-0.005141812146239821,-0.006016129032258066,-0.006016129032258066,-0.006016129032258066,-0.006016129032258066,0.0,-0.006016129032258066,-0.006016129032258066,0.0,0.0,0.0,0.0,0.0007527326591071546,0.0
2023-08-03,0.00864392286875193,0.007616107459933112,-0.0013611487421521518,0.0,-0.0013611487421521518,-0.0013611487421521518,0.0,-0.0013611487421521518,0.0,0.0,0.0,0.005976917675969806,0.0,0.005976917675969806
2023-08-04,0.0,0.0,0.0,-0.0005231729055258555,-0.0005231729055258555,0.0,-0.0005231729055258555,-0.0005231729055258555,0.0,0.0,-0.0006985815602837026,0.0,0.0,0.0
2023-08-07,0.0,0.0,0.00014021627940965153,0.0,0.00014021627940965153,0.00014021627940965153,0.0,0.00014021627940965153,0.0,0.0,0.0,0.0,0.0,0.0
2023-08-08,0.0,0.0,0.0,-0.004004239178937978,-0.004004239178937978,0.0,-0.004004239178937978,0.0,0.0,0.0,0.0,0.0,0.0,0.0
2023-08-09,0.0,0.0,0.0,0.0,0.0,0.0,0.0,0.0,0.0,0.0,0.0,0.0,0.0,0.0
2023-08-10,-0.0003465227817745866,-0.0003465227817745866,1.3189448441253282e-05,1.3189448441253282e-05,1.3189448441253282e-05,1.3189448441253282e-05,0.0,1.3189448441253282e-05,0.0,0.0,0.0,0.0,0.0,0.0
2023-08-11,0.0,-0.002508376114563615,0.0,0.0021750427812302817,0.0,0.0,0.0021750427812302817,0.0,-0.002679229480737048,0.0,-0.002679229480737048,-0.002679229480737048,0.0,-0.002679229480737048
2023-08-14,0.0,0.0,0.0,-0.004146766169154233,0.0,0.0,0.0,0.0,0.0,0.0,0.0,0.0,0.0,0.0
2023-08-15,0.0,0.0,0.0,0.0,0.0,0.0,0.0,0.0,0.0,0.0,0.0,0.0,0.0,0.0
2023-08-16,0.0,0.0,0.0,0.0,0.0,0.0,0.0,0.0,0.0,0.0,0.0,0.0,0.0,0.0
2023-08-17,0.0,0.0,0.0,0.0,0.0,0.0,0.0,0.0,0.0,0.0,0.0,0.0,0.0,0.0
2023-08-18,0.0,0.0,0.0,0.0,0.0,0.0,0.0,0.0,0.0,0.0,0.0,0.0,0.0,0.0
2023-08-21,0.0,0.0,0.0,0.0,0.0,0.0,0.0,0.0,0.0,0.0,0.0,0.0,0.0011405228758169887,0.0011405228758169887
2023-08-22,-0.004051038843721766,-0.004051038843721766,0.0,0.0037177055103884324,0.0,0.0,0.0037177055103884324,0.0,0.0,0.0,0.0,0.0,0.0,0.0
2023-08-23,0.0049183762931790205,0.0049183762931790205,0.0,0.0,0.0,0.0,0.0,0.0,0.0,0.0,0.0,0.0,0.0,0.0
2023-08-24,0.0,0.0,0.0,0.0,0.0,0.0,0.0,0.0,0.0,0.0,0.0,0.0,-0.0022285223367697524,0.0
2023-08-25,0.0,0.0,0.0010282804142483135,0.0,0.0,0.0,0.0,0.0,0.0,0.0,0.0,0.0,0.0,0.0
2023-08-28,-0.004650569455654212,0.0,0.0,0.0,0.0,0.0,0.0,0.0,0.0,0.0,0.0,0.0,0.0,0.0
2023-08-29,0.0,0.0,0.0,0.0,0.0,0.0,0.0,0.0,0.0,0.0,0.0,0.0,0.0,0.0
2023-08-30,0.0,0.0,0.0,0.0,0.0,0.0,0.0,0.0,0.0,0.0,0.0,0.0,0.0,0.0
2023-08-31,0.0,0.0,0.0,0.0,0.0,0.0,0.0,0.0,0.0,0.0,0.0,0.0,0.0,0.0
2023-09-01,0.0005075285128378072,0.004590529840859022,0.0,0.004219050454469871,0.0,0.0,0.004219050454469871,0.0,0.0,0.0,0.0,0.0,0.0,0.0
2023-09-04,0.0,-0.0008997412677878197,0.0,0.0005664079344544864,0.0,0.0,0.0005664079344544864,0.0005664079344544864,0.0,0.0005664079344544864,0.0,0.0,0.0,0.0
2023-09-05,0.0,-0.0014747660961972702,0.0,0.0005661551283157227,0.0,0.0,0.0005661551283157227,0.0,0.0,0.0005661551283157227,0.0005661551283157227,0.0,0.0,0.0005661551283157227
2023-09-06,0.0,0.0,0.0,-0.0005682730923694903,0.0,0.0,-0.0005682730923694903,-0.0005682730923694903,0.001599413205719824,-0.0005682730923694903,0.001599413205719824,0.001599413205719824,0.0,0.001599413205719824
2023-09-07,0.0,0.0,0.0,-6.608761871923481e-05,0.0,0.0,-6.608761871923481e-05,-6.608761871923481e-05,0.0,-6.608761871923481e-05,0.0,0.0,0.0,0.0
2023-09-08,0.0,-0.002900814426992434,0.0,-0.002867260397342549,-0.005434741491001649,0.0,-0.002867260397342549,-0.002867260397342549,-0.002900814426992434,0.0011523297491038977,-0.002900814426992434,-0.002900814426992434,0.0,0.0
2023-09-11,0.0,-0.004337899449459133,0.0,0.0035712684484674093,0.0035091447014524157,0.004066689863140793,0.0035712684484674093,0.0035091447014524157,0.0,6.212374701499357e-05,6.212374701499357e-05,0.0,0.0,6.212374701499357e-05
2023-09-12,0.0,0.0006358555460017069,0.0,0.002193378801951029,0.0,0.0,-0.00020950973251645136,-0.00020950973251645136,0.0,-0.00020950973251645136,0.0,0.0,0.0,0.0
2023-09-13,0.0,0.0,0.0,-0.0015727656208805822,-0.0015727656208805822,0.0,-0.00020709568904801282,0.0,0.0,0.0,0.0,0.0,0.0,0.0013656699318325694
2023-09-14,0.0,-0.0030013033631041686,0.0,0.001245014999117722,0.003912985028888556,0.002667970029770835,0.001245014999117722,0.003912985028888556,0.0,0.002667970029770835,0.0,0.0,0.0,0.0
2023-09-15,0.0,0.0,0.0,-0.0005605271069124561,0.0011460138269011786,0.0,-0.0005605271069124561,0.0011460138269011786,0.0,-0.0017065409338136346,0.0,0.0,0.0,0.0
2023-09-18,0.0017530541012216738,0.0017530541012216738,0.0,-0.0004552969550664458,-0.0022083510562881195,0.0,-0.0004552969550664458,-0.0022083510562881195,0.0,-0.004341796434213489,0.0,0.0017530541012216738,0.0,0.0
2023-09-19,0.0,0.0,0.0,0.0,0.0,0.0,0.0016022853719078929,0.0016022853719078929,0.0,0.0016022853719078929,0.0,0.0025238136126853328,0.0,0.0025238136126853328
2023-09-20,0.0,0.0,0.0,0.0,0.0,0.0,0.0,0.0,0.0,0.0,0.0,0.0,0.0,0.0
2023-09-21,0.0,0.0,0.0,0.0,0.0,0.0,0.0,0.0,0.0,0.0,0.0,0.0,0.0,0.0
2023-09-22,0.0,0.0,0.0,0.0,0.0022320540156361055,0.0,0.0,0.0022320540156361055,0.0,0.0,0.0022320540156361055,0.0,0.0,0.0022320540156361055
2023-09-25,0.00041583575553605395,0.00041583575553605395,0.0002580699966021432,0.0010072390854715305,0.0,0.0002580699966021432,0.0,0.0002580699966021432,0.0,0.0,0.0,0.0,0.0,0.0
2023-09-26,0.0,0.0,0.0,0.0,0.0,0.0,-0.0038444564047362775,-0.0038444564047362775,0.0,0.0,0.0,-0.0038444564047362775,0.003511123071402944,0.0
2023-09-27,0.0,0.0,0.0,0.002553442071372869,0.0,0.0,0.0003806787082649515,0.0003806787082649515,0.0,0.0,0.0,0.0003806787082649515,-0.0038673026122546896,0.0
2023-09-28,0.0,0.0,0.0,0.0,0.0,0.0,0.0,0.0,0.0,0.0,0.0,0.0,0.0,0.0
2023-10-09,-0.0007540381791483011,-0.0007540381791483011,0.0,0.0,0.0,0.00042070484581496775,0.0,0.0,0.0,0.0,0.0,0.0,0.0,0.0
2023-10-10,0.00440742178225445,0.00440742178225445,-0.0017874323773453733,0.0,0.0016433280357878721,-0.0006985815602837026,0.0,0.0,0.0,0.0,0.00036524822695036923,-0.005407421782254451,0.0,0.0
2023-10-11,5.5210413430984016e-05,5.5210413430984016e-05,0.0,0.0007618384401114066,0.0007618384401114066,0.0,0.0007618384401114066,0.0007618384401114066,-0.0003478628726210073,0.0,-0.0003478628726210073,-0.0003478628726210073,5.5210413430984016e-05,-0.0003478628726210073
2023-10-12,0.0,0.0,0.0,0.0,0.0,0.0011167463267835096,0.0,0.0011167463267835096,0.0,0.0,0.0,0.0,-0.0023457008244993824,0.0
2023-10-13,0.0,0.0,0.0,1.8005540166232827e-05,0.0,0.0007738735561238498,0.0,0.0,0.0,0.0,0.0,0.0,0.0,0.0
2023-10-16,0.0,0.0,-0.0003111544574483555,0.0,-0.0003111544574483555,-0.0003111544574483555,0.0,0.0,0.0,0.0,0.0,0.0,0.0,0.0
2023-10-17,-0.0008270793285670707,-0.0008270793285670707,0.00016041266190040368,0.0,0.00016041266190040368,0.00016041266190040368,0.0,0.00016041266190040368,0.0,0.0,0.0,0.0,0.0,0.0
2023-10-18,0.0,0.0,0.0,0.0,0.0,0.0,0.0,0.0,0.0,0.0,0.0,0.0,0.0,0.0
2023-10-19,0.0007269503546099566,0.0,-0.00106028368794329,0.0,-0.00106028368794329,-0.00106028368794329,0.0,-0.00106028368794329,0.0,0.0,0.0,0.0,0.0,0.0
2023-10-20,0.002810657692362014,0.002810657692362014,-0.0031439910256953474,0.0,0.0,-0.0031439910256953474,0.0,-0.0031439910256953474,0.0,0.0,0.0,0.0,0.0,0.0
2023-10-23,0.0,0.0,-0.00032079952919415256,-0.00032079952919415256,-0.00032079952919415256,0.0,-0.00032079952919415256,-0.00032079952919415256,0.0,0.0,0.0,0.0,0.0,0.0
2023-10-24,0.0,0.0,0.0,0.00039355742296918566,0.0,0.0,0.0,0.0,0.0,0.0,0.0,0.0,0.0,0.0
2023-10-25,0.0,0.0,0.0,0.0,0.0,0.0,0.0,0.0,0.0,0.0,0.0,0.0,0.0,0.0
2023-10-26,-0.000648819399205469,0.0009223613758054251,0.0012378474416775607,0.0,0.0,0.0012378474416775607,0.0,0.0,0.0,0.0,0.0,0.0,0.0,0.0
2023-10-27,0.0,0.0,0.0,0.0036253159985554415,0.0,0.0008989680169379882,0.0,0.0,0.0,0.0,0.0,0.0,0.0,0.0
2023-10-30,0.0,0.0,0.0,0.0,0.0,0.0,0.0,0.0,0.0,0.0013319957421179713,0.0,0.0,0.0,0.0013319957421179713
2023-10-31,0.0,0.0,0.0,-0.0005708253198428158,0.0,0.0,-0.0005708253198428158,0.0,0.0,0.00023749198650948244,0.0,0.0,0.00023749198650948244,0.00023749198650948244
2023-11-01,0.0,0.0,0.0,0.0,0.0,0.0,-0.0010820746473599316,-0.0010820746473599316,0.0,0.0,0.0,0.0,0.0,0.0
2023-11-02,0.0,0.0,0.0,0.0,0.0,0.0,-0.0004581026132089807,-0.0004581026132089807,0.0022384183702685947,0.0,0.0,0.0022384183702685947,0.0,0.0
2023-11-03,0.0,0.0,0.0,0.0,0.0,0.0,0.0,0.0,0.0,0.0,0.0,0.0,0.0,0.0
2023-11-06,0.0,0.0,0.0,0.0,0.0,0.0,0.0,0.0,0.0,0.0,0.0,0.0,0.0,0.0
2023-11-07,-0.004075569589793604,-0.005197097367571364,0.0,-0.005197097367571364,-0.002600640340956676,0.0,-0.005197097367571364,-0.002600640340956676,0.0,0.0,-0.0014791125631789155,-0.002600640340956676,0.0,0.0
2023-11-08,0.0,0.0,0.0,0.0,0.0,0.0,0.0,0.0,0.0,0.0,0.0,0.0,0.0,0.0
2023-11-09,0.0023606321799632957,0.0023606321799632957,-0.003027298846629963,-0.0008593073593073743,-0.003027298846629963,-0.003027298846629963,-0.0008593073593073743,-0.003027298846629963,0.0,-0.0021679914873225883,0.0,0.0018346581539892548,-0.0028545437791517303,-0.0006865522918291417
2023-11-10,0.0,0.0,0.0,0.0,0.0,0.0,0.0,0.0,0.0,0.0,0.0,0.0,-0.0025348293190088542,0.0
2023-11-13,0.0,0.0,0.0,0.0,0.0,0.0,0.0,0.0,0.0,0.0,0.0,0.0,0.0,0.0
2023-11-14,-0.0020664866091049303,0.0,0.0,0.0,0.0,0.0017331532757715966,0.0026329833770778652,0.0026329833770778652,0.0,0.0,0.0,0.0,0.0,0.0
2023-11-15,0.0,0.0,0.0,0.0,0.0,0.000933210654709064,0.0,0.0,0.0,0.0,0.0,0.0,0.0,0.0
2023-11-16,0.0,0.004255102040816343,0.0,0.0,0.0,0.0,0.0,0.0,0.0,0.0,0.0,0.0,0.0,0.0
2023-11-17,0.0,0.0036782012704781133,0.0,-0.0027112637845833065,0.0,0.0,0.0,0.0,0.0,0.0,0.0,0.0,0.0,0.0
2023-11-20,0.0,0.0,0.0,-0.0033594073825127433,0.0,0.0,-0.0033594073825127433,0.0,0.0,0.0,0.0,0.0,0.0,0.0
2023-11-21,0.0,0.0,-0.0005657829092723201,0.0,-0.0005657829092723201,0.0,0.0,0.0,-0.0005657829092723201,0.0,-0.0005657829092723201,0.0,-0.0005657829092723201,-0.0005657829092723201
2023-11-22,0.0010877236996153137,0.0016186751653252491,-0.0008642847990432688,-0.0008642847990432688,-0.0008642847990432688,-0.0008642847990432688,-0.0008642847990432688,-0.0008642847990432688,0.0,0.0,0.0,0.0010877236996153137,0.0,0.0
2023-11-23,0.0,0.0,0.0,0.0,0.0,0.0,0.0,0.0,0.0,0.0,0.0,0.0,0.0,0.0
2023-11-24,0.0,0.0,0.0,0.0,0.0,0.0,0.0,0.0,0.0,0.0,0.0023675451934448235,0.0,0.0,0.0023675451934448235
2023-11-27,0.0,0.0,0.0,0.0,0.0,0.0,0.0,0.0,0.0,0.0,0.0,0.0,0.0,0.0
2023-11-28,0.0,0.0,0.0,-0.000980866308418852,-0.000980866308418852,0.0,-0.000980866308418852,-0.000980866308418852,0.0,0.0,0.0,0.0,-0.005723625494653532,-0.005723625494653532
2023-11-29,0.0,0.0007658528314682945,0.0,-0.001099186164801628,0.0,0.0,-0.001099186164801628,-0.001099186164801628,0.0,-0.001099186164801628,0.0,0.0,-0.001099186164801628,-0.001099186164801628
2023-11-30,0.0,0.0,0.0,0.0,0.0,0.0,0.0,0.0,0.0,0.0,0.0,0.0,0.0,0.0
2023-12-01,0.0,0.0,0.0,0.0,0.0,0.0,0.0,0.0,0.0,0.0,0.0,0.0,0.0,0.0
2023-12-04,0.0,0.0,0.0,0.0,0.0,0.0,0.0,0.0,0.0,0.0,0.0,0.0,0.0022058125741399683,0.0
2023-12-05,0.0,-0.001364169018903442,0.0,0.01308508250142478,0.0037448203894901075,0.0,0.002380651370586665,0.002380651370586665,0.0,0.0,0.0,-0.001364169018903442,0.0,0.0037448203894901075
2023-12-06,0.0,0.0,0.0,0.0,0.0,0.0,0.00014174166596575568,0.0,-0.0002220928943575764,3.0501226989998752e-05,-0.0002220928943575764,-0.0002220928943575764,0.0,-0.0002220928943575764
2023-12-07,0.0,0.0,0.0,0.0005196078431372969,0.0005196078431372969,0.0,0.0005196078431372969,0.0005196078431372969,0.0,0.0,0.0,0.0,0.0,0.0
2023-12-08,0.0,0.0,0.0,0.0,0.0,0.0,0.0,0.0,0.0,0.0,0.0,0.0,0.0,0.0
2023-12-11,0.0,0.0012352795645719785,0.0,-0.007420265780730906,0.0,0.0,0.0,0.0,0.0,0.0,0.0,0.0,0.0,0.0
2023-12-12,0.0,0.0,0.0,0.0004001303633168938,0.0,0.0,0.0004001303633168938,0.0,0.0,0.0004001303633168938,0.0004001303633168938,0.0,0.0004001303633168938,0.0004001303633168938
2023-12-13,0.0,0.0,0.0,-0.011655312246553104,0.0,0.0,0.0,0.0,0.0,0.0,0.0,0.0,0.0,0.0
2023-12-14,0.0,0.0020268708343879247,0.0,-0.002360204167721258,-0.002360204167721258,0.0,0.001983365564209527,-0.002360204167721258,-0.002360204167721258,-0.002360204167721258,-0.002360204167721258,-0.002360204167721258,-0.004676903065264119,-0.002360204167721258
2023-12-15,0.0,-0.0013544158819037884,-0.0013544158819037884,0.000456792585844542,0.000456792585844542,0.0,0.000456792585844542,0.000456792585844542,0.0,0.0,0.0,0.0,0.0007110762800418003,0.0
2023-12-18,0.0,0.0,0.0,0.00136590038314179,0.00136590038314179,0.0,0.00136590038314179,0.00136590038314179,0.0,0.0,0.0,0.0,0.0,0.0
2023-12-19,0.0,0.0,0.0,-0.0007631220177232351,0.0,0.0,0.0,0.0,0.0,0.0,0.0,0.0,0.0,0.0
2023-12-20,0.0,0.0,0.0,0.0,0.0,0.0,0.0,0.0,0.0,0.0,0.0,0.0,0.0,0.0
2023-12-21,0.0,0.0,0.0,0.0,0.0,0.0,0.0,0.0,0.0,0.0,0.0,0.0,0.0,0.0
2023-12-22,0.0,0.0,0.0,0.0,0.0,0.0,0.0,0.0,0.0,0.0,0.0,0.0,0.0,0.0
2023-12-25,0.0,0.0,0.0,0.0,0.0,0.0,0.0,0.0,0.0,0.0,0.0,0.0,0.0,0.0
2023-12-26,0.00010938578329883223,0.0,0.0,0.0,0.0,0.0,0.0,0.0,0.0,0.0,0.0,0.0,0.0,0.0
2023-12-27,0.0,0.0,0.0,0.0,0.0,0.0,0.0,0.0,0.0,0.0,0.0,0.0,0.0,0.0
2023-12-28,0.0,0.0,0.0,0.0,0.0,0.0,0.0,0.0,0.0,0.0,0.0,0.0,0.0,0.0
2023-12-29,0.0,0.0,0.0,0.0,0.0,0.0,0.0,0.0,0.0,0.0,0.0,0.0,0.0,0.0
2024-01-02,0.0,0.0,0.0012277446432515753,0.0,0.0,0.0012277446432515753,0.0,0.0012277446432515753,0.0,0.0,0.0,0.0,0.0,0.0
2024-01-03,0.0,0.0,0.0,0.0,0.0,0.0,0.0,0.0,0.0,0.0,0.0,0.0,0.0,0.0
2024-01-04,0.0,0.0,0.0,0.0,0.0,0.0,0.0,0.0,0.0,0.0,0.0,-0.004418652791764584,0.0,0.0
2024-01-05,-0.0007473385870316687,-0.0028981322378253127,0.00041400525369833535,0.0,0.00041400525369833535,0.00041400525369833535,0.0018174603174603103,0.00041400525369833535,-0.002150793650793644,0.0,-0.002150793650793644,0.0,0.0,0.0
2024-01-08,0.0,0.0,0.0,0.0,0.0,-6.990807934205872e-05,0.0,0.0,0.0,0.0,0.0,0.0,0.0,0.0
2024-01-09,0.0,0.0,0.0,0.0,0.0,0.0,0.0009722222222222078,0.0,0.0,0.0,0.0,0.0,0.0,0.0
2024-01-10,0.0008706777316735786,0.0008706777316735786,-0.001204011065006912,-0.004757332313185407,-0.005961343378192319,-0.001204011065006912,-0.004757332313185407,-0.005961343378192319,0.0,0.0,0.0,0.0008706777316735786,0.0,0.0
2024-01-11,0.0,0.0,0.0,0.0036339725317440044,0.0036339725317440044,-0.0005959165870477362,0.0036339725317440044,0.0036339725317440044,0.0,0.0,0.0,0.0,0.0,0.0
2024-01-12,0.0,0.0,0.0,0.0,0.0,0.0,0.0,0.0,0.0,0.0,0.0,0.0,0.0,0.0
2024-01-15,0.0,0.0,0.0,0.0016990561990561925,0.0,0.0,0.0016990561990561925,0.0,0.0,0.0,0.0,0.0,0.0007771342771342727,0.0
2024-01-16,0.0,-0.000710738383889057,0.0,0.0,-9.776767259197132e-05,0.0,-9.776767259197132e-05,0.0,0.0,0.0,-9.776767259197132e-05,-0.000710738383889057,0.0,0.0
2024-01-17,0.0,0.0,0.0,0.0,0.0,0.0,0.0,0.0,0.0,0.0,0.0,0.0,0.0,0.0
2024-01-18,0.005111976462443786,0.005111976462443786,0.0,0.0,0.0,-0.00164851745675626,0.0,-0.00164851745675626,-0.00164851745675626,0.0,0.0,0.0,0.0,-0.00164851745675626
2024-01-19,0.0,0.0,0.0,0.00045459166384274435,0.00045459166384274435,0.0,0.00045459166384274435,0.0,0.0,0.0,0.0,0.000458297260571598,0.0,0.0
2024-01-22,0.0,0.0,0.0,-0.009963415968043213,0.0,0.0,0.0,0.0,0.0,0.0,0.0,0.0,0.0,0.0
2024-01-23,-0.002235453840186178,-0.002235453840186178,0.0,0.003754257554784979,0.002392507479917927,0.0005403704319857928,0.003754257554784979,0.002392507479917927,0.0,0.0018521370479321342,0.0018521370479321342,0.0,0.0,0.0018521370479321342
2024-01-24,0.0,0.002129412777682138,0.0,0.002129412777682138,0.002129412777682138,0.0,0.002129412777682138,0.002129412777682138,0.0,0.0,0.0,0.002129412777682138,0.0,0.002129412777682138
2024-01-25,0.0,0.0,0.0,-0.000449632144878309,0.0,0.0,0.0,0.0,0.0,0.0,0.0,0.0,0.0,0.0
2024-01-26,0.0018649676736408238,0.0010217883418222609,0.0,0.0010217883418222609,0.0,0.0,0.0010217883418222609,0.0,0.0,0.0,0.0,0.0,0.0,0.0
2024-01-29,0.0,0.0,0.0,0.00118788802347893,0.0,0.0,0.0,0.0,0.0,0.0,0.0,0.0,0.0,0.0
2024-01-30,0.0,-0.004397859016670909,0.0,-0.004397859016670909,0.0,0.0,0.0,0.0,0.0,0.0,0.0,0.0,0.0,0.0
2024-01-31,0.0,0.0,0.0,0.0,0.0,0.0,0.0,0.0,-0.0027426584234930274,0.0,0.0,-0.0027426584234930274,0.0,0.0
2024-02-01,0.0,0.0,0.0,0.0,0.0,0.0,0.0,0.0,0.0,0.0,0.0,0.0,0.0,0.0
2024-02-02,0.0,0.0,0.0,0.0,0.0,0.0,0.0,0.0,0.0,0.0,0.0,0.0,0.0,0.0
2024-02-05,0.0,0.006839903540808841,0.0,0.0,-0.005046357058724564,-0.007506570207475509,0.0007089134051309252,-0.006797656802344583,0.0,0.0,0.0,0.0,0.0,0.0
2024-02-06,0.0,0.0,0.0,0.0,0.0,0.0,0.0,0.0,0.0,0.0,0.0,0.0,-4.204054503155922e-05,0.0
2024-02-07,0.0,0.0,0.0,0.0,0.0,0.0,0.0,0.0,0.0,0.0,0.0,0.0,0.0,0.0
2024-02-08,0.0,0.0,0.0,0.0,0.0,0.0,0.0,0.0,0.0,0.0,0.0,0.0,0.0,0.0
2024-02-19,0.0,0.0,0.0,0.0,0.0,0.0,0.0,0.0,0.0,0.0,0.0,0.0,0.0,0.0
2024-02-20,-0.006288109722537923,-0.006121443055871256,0.0008993668403653272,0.0,0.0008993668403653272,0.0008993668403653272,0.0,0.0008993668403653272,0.001066033507031994,0.0,0.0,0.0,0.0,0.0
2024-02-21,0.0,0.0,0.0,0.0,0.0,0.0,0.0,0.0,0.0,0.0,0.0,5.742296918766687e-05,0.0,5.742296918766687e-05
2024-02-22,0.0,0.0012532836350727663,0.0,0.0012532836350727663,0.0012532836350727663,0.0,0.0012532836350727663,0.0012532836350727663,0.0,0.0,0.0,0.00022608427313021906,0.00020730491149340016,0.00022608427313021906
2024-02-23,0.0,0.0,0.0,0.0,0.0,0.0,0.0,0.0,0.0,0.0,0.0,0.0,0.0,0.0
2024-02-26,0.0,0.0,-0.0005620798734678095,0.0,0.0,0.0,0.0,0.0,0.0,0.0,0.0,0.0,0.0,0.0
2024-02-27,0.0,0.0,0.0,9.622542304874966e-05,0.0,0.0,9.622542304874966e-05,0.007228860376013539,0.0,0.0,0.0,0.0,0.0,0.0
2024-02-28,0.0015883152173913155,0.0,0.0,-0.0008153899240855669,0.0,0.0,-0.0008153899240855669,-0.0008153899240855669,0.0,0.0,0.0,0.0,0.0,0.0
2024-02-29,0.0,0.0,0.0,0.0,0.0,0.0,0.0,0.0,0.0,0.0,0.0,0.0,-0.0005954534766311284,0.0
2024-03-01,0.0,0.0,0.0,0.0017843503528434668,0.0,0.0,0.0017843503528434668,0.0,0.0,0.0,0.0,-0.0023665962689193853,0.0,0.0
2024-03-04,0.0,0.0,0.0,0.00333343627753759,0.00333343627753759,0.0,0.0037901554867280827,0.0037901554867280827,0.0,0.0,0.0,0.0,0.0,0.0
2024-03-05,0.0,0.006416553838453336,-0.00486992632466086,0.01116355590479227,-0.002213294180459143,-0.00486992632466086,0.004536592991327526,0.0,0.0,0.004536592991327526,0.004536592991327526,0.004536592991327526,0.0,0.004536592991327526
2024-03-06,0.0001025123373710007,0.0001025123373710007,0.0,0.00121041232151455,0.00121041232151455,0.0,0.00121041232151455,0.00121041232151455,0.0001025123373710007,0.00121041232151455,0.0001025123373710007,0.0001025123373710007,0.0,0.0
2024-03-07,0.0,0.0024766221690908177,0.0,0.0021302609831069796,0.0021302609831069796,0.0,0.0021302609831069796,0.0021302609831069796,0.0,0.0024766221690908177,0.0024766221690908177,0.0024766221690908177,0.0,0.0024766221690908177
2024-03-08,0.0,-6.128981269269218e-05,0.0,-6.128981269269218e-05,-0.0019350544128723761,0.0,-6.128981269269218e-05,-0.0019350544128723761,0.0,-6.128981269269218e-05,-6.128981269269218e-05,-6.128981269269218e-05,0.0,-6.128981269269218e-05
2024-03-11,0.0,0.0,0.0,0.000688034188034185,0.0,0.0,-0.006801659329730943,-0.007489693517765128,0.0,0.000688034188034185,0.000688034188034185,0.0,0.0,0.000688034188034185
2024-03-12,0.0,0.0,0.0,-0.0006002496386808275,-0.0006002496386808275,0.0,0.0021927581304646004,0.0021927581304646004,0.0,-0.0006002496386808275,-0.0006002496386808275,0.0,-0.0006002496386808275,-0.0006002496386808275
2024-03-13,0.0,0.0,0.0,-0.004935121503897281,0.0,0.0,0.0,0.0,0.0,-0.0003643263757115802,0.0,0.0,0.0,-0.0003643263757115802
2024-03-14,0.0,0.0,0.0,-0.00014033181907959383,-0.00014033181907959383,0.0,-0.00014033181907959383,-0.007834179974455494,0.0,-0.00014033181907959383,0.0,0.0,-0.0076938481553759,-0.00014033181907959383
2024-03-15,0.0,0.003230360934182589,0.0,-0.0011190476190476304,-0.0011190476190476304,0.0,-0.0011190476190476304,-0.0011190476190476304,0.0,0.0007469670056982811,0.0021113133151349586,0.0,0.00397732793988087,0.00397732793988087
2024-03-18,0.0,0.0,-0.0017594216061814587,0.002222477064220204,0.0004630554580387451,-0.0017594216061814587,0.002222477064220204,0.0004630554580387451,0.0,0.0,0.0,0.0,-0.0025558103975535373,0.0
2024-03-19,0.0,0.000478664559462642,0.0,0.00504462762933483,0.0,0.0,0.0,0.0,0.000478664559462642,-0.0008119978927959753,0.000478664559462642,0.000478664559462642,0.0,0.000478664559462642
2024-03-20,7.077842415609285e-05,7.077842415609285e-05,0.0,0.0,0.0,0.0,0.0,0.0,0.0,0.0,0.0,0.0,0.0010491066708954353,0.0
2024-03-21,0.0,0.0,0.0,0.0,0.0,0.0,0.0,0.0,0.0,0.006734344074103431,0.0,0.0,0.016933111856640815,0.006734344074103431
2024-03-22,0.0,0.0,0.0,0.00854452790371855,0.00854452790371855,0.0,0.00854452790371855,0.00854452790371855,0.0,0.0,0.0,0.006758397932816536,0.00011041839844829404,0.0068688163312648305
2024-03-25,-0.0005343523479356959,-0.0005343523479356959,0.0,0.0,0.0,0.0,0.0,0.0,-0.0005343523479356959,-0.0002445573859874797,-0.0005343523479356959,-0.0005343523479356959,0.0,-0.0005343523479356959
2024-03-26,0.0,0.0,0.0,0.0,0.0,0.0,-0.009030932594644511,-0.009030932594644511,0.0,-0.0003998756218904959,-0.0003998756218904959,0.0,-0.0003998756218904959,-0.0003998756218904959
2024-03-27,0.0,0.0,0.0,-0.0013088711212640436,-0.0013088711212640436,0.0,-0.0013088711212640436,-0.0013088711212640436,0.0,-0.001862370018792192,-0.0013088711212640436,0.0,-0.0022885469945586787,-0.0013088711212640436
2024-03-28,0.0011203346203346178,0.0011203346203346178,0.0,0.0,0.0,0.0,0.0,0.0,0.0,0.0011203346203346178,0.0011203346203346178,0.0,0.002010344226482534,0.0008900096061479162
2024-03-29,0.0,0.0,0.0,0.0,0.0,0.0,0.0,0.0,0.0,0.005045649181832017,0.005045649181832017,0.0,-0.0011641829524605314,-0.006209832134292548
2024-04-01,0.0022475166603796817,0.0022475166603796817,-0.0025808499937130156,0.0023896356125678495,0.0023896356125678495,-0.0025808499937130156,0.0023896356125678495,0.0023896356125678495,0.0,0.007218002266660546,0.0022475166603796817,0.0,0.004970485606280865,0.007218002266660546
2024-04-02,0.0,-0.0009290070516485743,0.0,0.0005956737183152411,0.0005956737183152411,0.0,-0.0007093751945923171,-0.0007093751945923171,0.0,0.0009717155795742247,0.0,0.0,0.0,0.0
2024-04-03,0.0,-0.0036904761904761885,0.0,-0.0036904761904761885,-0.0036904761904761885,0.0,-0.0036904761904761885,-0.0036904761904761885,0.0,0.0002303901671330729,0.003920866357609261,0.0,0.0,0.0002303901671330729
2024-04-08,0.0,0.0020984625235385503,0.0,-0.0027651291902052177,-0.0027651291902052177,0.0,-0.0027651291902052177,-0.00852828644181508,0.009467244701348762,0.009467244701348762,0.011899040558220645,0.021366285259569406,0.009467244701348762,0.009467244701348762
2024-04-09,0.004783581364259344,0.004783581364259344,-0.002044600938967134,-0.005450248030926012,-0.005450248030926012,-0.002044600938967134,-0.005450248030926012,-0.005450248030926012,0.0,-0.00019963247700664302,-0.003405647091958878,0.0,-0.005450248030926012,-0.003405647091958878
2024-04-10,0.0,0.0007101619825557091,0.0,-0.0018999759182314333,-0.001279323133982398,0.0,-0.0018999759182314333,-0.0018999759182314333,0.0,8.95091983066738e-05,8.95091983066738e-05,0.0,8.95091983066738e-05,-0.0006206527842490353
2024-04-11,-0.000770447262087211,-0.000770447262087211,-0.000770447262087211,0.0029059590316573383,0.0021355117695701273,-0.000770447262087211,0.0029059590316573383,0.0029059590316573383,0.0,0.0004371139287538777,-0.0004006052118196524,0.0,0.0,-0.0008377191405735301
2024-04-12,-0.008736725398537704,-0.021880774341808018,0.0,0.001032042415859839,0.001032042415859839,0.0,0.001032042415859839,0.0,0.0,-0.004740656878065945,-0.013144048943270314,0.0,0.0,-0.013144048943270314
2024-04-15,0.0,-0.0028788626561735975,0.0,0.004931405537689097,0.004931405537689097,0.0,0.006200608036770324,0.006200608036770324,0.0,0.002545529322840264,0.002545529322840264,-0.0028788626561735975,0.002545529322840264,0.006200608036770324
2024-04-16,0.0,-0.005596128170894517,-0.005596128170894517,-0.00323879852465514,-0.00323879852465514,0.0,-0.00323879852465514,-0.00323879852465514,0.0,0.0032993104296835662,0.005262794837561184,0.0,0.0032993104296835662,0.0032993104296835662
2024-04-17,0.0011012770004075747,0.0011012770004075747,0.0011012770004075747,0.006245214580535063,0.007346491580942638,0.0011012770004075747,0.006245214580535063,0.007346491580942638,0.0,0.0011012770004075747,0.0011012770004075747,0.0,0.0,0.0
2024-04-18,0.0,0.0,0.0,0.0,0.0,0.0,0.0,0.0,0.0,-0.0002395584242740704,-0.0002395584242740704,0.0,-0.0017388830224099687,-0.0017388830224099687
2024-04-19,0.0,0.0,0.0,-0.0018099539964556337,-0.0018099539964556337,0.0,-0.0011903887790643182,0.0,0.0,0.0008570554457309848,0.0008570554457309848,0.0,0.0008570554457309848,0.0008570554457309848
2024-04-22,0.0,0.0,0.0,0.00457607211787416,0.00457607211787416,0.0,0.00457607211787416,0.00457607211787416,0.0,0.0,-0.009729138475417213,0.0,-0.009729138475417213,0.0
2024-04-23,0.0,0.0,0.0,0.005285581031473752,0.005285581031473752,0.0,0.0,0.005285581031473752,0.010514935385828114,-0.005618914364807086,0.010514935385828114,0.010514935385828114,-0.005618914364807086,0.010514935385828114
2024-04-24,-0.007362214606012792,-0.007362214606012792,0.002393684467203135,-0.0027270178005364687,0.0,0.002393684467203135,0.0,0.0,-0.007362214606012792,0.002393684467203135,-0.007362214606012792,-0.007362214606012792,0.002393684467203135,-0.007362214606012792
2024-04-25,-0.00038459489563659916,0.0,0.0,0.0,0.0,-0.00038459489563659916,0.0,0.0,0.0,-0.00038459489563659916,0.0,0.0,0.0007715076461206433,0.0
2024-04-26,0.0,0.0,0.0,0.0024977562754172067,0.0,0.0,0.0,0.0,0.0,0.0013913043478261018,0.0013913043478261018,0.0,0.0013913043478261018,0.0013913043478261018
2024-04-29,0.0,0.0,0.0,0.0,0.0,-0.00555657692975331,0.0,0.0,0.0,-0.002638557903452262,0.0,0.0,-0.002638557903452262,-0.002638557903452262
2024-04-30,0.0,0.0,0.0,0.0,0.0,0.0,0.0,0.0,0.0,-0.0013634462416285964,-0.0013634462416285964,0.0,-0.0048719184246277525,-0.0013634462416285964
2024-05-06,0.005552287581699326,0.005552287581699326,0.005552287581699326,0.0,0.0,0.0,0.0,0.0,0.0,0.002612736493075899,0.0,0.0,0.0,0.0
2024-05-07,-0.0014886567302174374,-0.00025103959500995704,-8.229373832337632e-05,0.0,-8.229373832337632e-05,-8.229373832337632e-05,-0.00025103959500995704,-8.229373832337632e-05,0.0,0.0,0.0,-8.229373832337632e-05,0.0,-8.229373832337632e-05
2024-05-08,0.0,0.0,0.0,0.0,0.0,0.0,0.0,0.0,0.0,0.0,0.0,0.0,0.0,0.0
2024-05-09,1.4001806684741895e-05,1.4001806684741895e-05,1.4001806684741895e-05,0.0,1.4001806684741895e-05,-0.0009506682105466604,1.4001806684741895e-05,1.4001806684741895e-05,0.0,0.0,0.0,0.0,0.001713441974634337,0.0
2024-05-10,0.0,0.0,0.0,0.0,0.0,0.0068209483880294726,0.0,0.0,0.0,0.0,0.0,0.0,0.0068209483880294726,0.0
2024-05-13,-0.0015148537098796007,-0.0026505216095379924,-0.0026505216095379924,0.003498708652750926,0.0011815203765462672,-0.0026505216095379924,0.003498708652750926,0.0011815203765462672,0.0,0.0011815203765462672,0.0,0.0,0.0011815203765462672,0.0011815203765462672
2024-05-14,0.0,0.0,0.0,0.0,0.0,0.0,0.0,0.0,-0.0014025990231380885,0.0,0.0,0.0,0.001069265689804755,0.0
2024-05-15,0.0,0.0,0.0,0.0,0.0,0.0,0.0,0.0,0.0,0.0,0.0,-0.001350637522768668,-0.0014865867579909042,0.0
2024-05-16,0.0,0.0,0.0,0.007099705665930822,0.0,0.0,0.007099705665930822,0.0,0.001495344012635939,0.0,0.0,0.0,0.0,0.0
2024-05-17,0.0031938328530558926,0.0031938328530558926,-0.0012363991160013186,-0.00386049951972256,-0.0012363991160013186,-0.0012363991160013186,0.0,-0.0012363991160013186,0.0,0.0,0.0022907670703879077,0.0,0.0,0.0022907670703879077
2024-05-20,0.0,0.0,0.0,0.0,0.0,0.0,0.0,0.0,0.0,0.0,0.0,0.0,0.0,0.0
2024-05-21,0.003299382398977017,0.003299382398977017,0.0009976655715026597,-0.003966049065643684,-0.003966049065643684,0.0009976655715026597,-0.003966049065643684,-0.003966049065643684,-0.004963714637146344,-0.004963714637146344,-0.0013309989048359931,-0.0013309989048359931,0.0,-0.0013309989048359931
2024-05-22,-0.00043025056866963213,-0.00043025056866963213,-0.0014487179487179442,-0.00043025056866963213,-0.0014487179487179442,0.0,-0.0014487179487179442,-0.0014487179487179442,-0.00043025056866963213,-0.00280051866209959,-0.00043025056866963213,0.002133851995432923,-0.0014487179487179442,0.0010184673800483122
2024-05-23,-0.022048232885387153,-0.022048232885387153,0.0,0.0,0.0,-0.007355755894590828,0.0,0.0,-0.007355755894590828,0.014359143657462992,0.014359143657462992,-0.014692476990796325,-0.022048232885387153,0.0
2024-05-24,0.0,0.0,0.0,0.0,0.0,0.0,0.0,0.0,0.0,-0.003282497547334858,-0.003282497547334858,0.000497040359060545,-0.0029909245604083736,-0.003282497547334858
2024-05-27,0.0,0.0,0.0,0.0,0.0,0.0,0.0,0.0,0.0,0.0,0.0,0.0,0.0029744541482398987,0.0
2024-05-28,0.0,0.0,0.0,-0.007263229141028782,0.0,0.0,0.0,0.0,0.0,0.0,0.0,0.0,0.0,0.0
2024-05-29,0.0,0.0,0.0,-0.008511978917105922,-0.008511978917105922,0.0,0.0,0.0,0.0004491698050641351,0.00817864558377259,0.00817864558377259,0.00817864558377259,0.00817864558377259,0.00817864558377259
2024-05-30,-0.0011304016752332056,-0.006207173595483451,-0.006207173595483451,0.0,0.0,-0.006207173595483451,0.0,0.0,0.0,-0.006207173595483451,-0.006207173595483451,-0.006207173595483451,-0.006207173595483451,-0.006207173595483451
2024-05-31,-0.0013058019154406813,-0.0040605988810810305,0.0008461423890378518,0.0,0.0,0.0,0.0,0.0,-0.0028811231587098454,-0.00020700714026383724,0.0,-0.003934272688011535,-0.00020700714026383724,0.0
2024-06-03,0.0,0.0,0.0,0.0,0.0,0.0,0.0,0.0,0.0,0.0,0.0,0.0,0.0,0.0
2024-06-04,0.003688348259272408,0.003688348259272408,0.00041341349154174384,0.0,0.0,0.0021921166977033057,0.0,0.00041341349154174384,-0.001778703206161562,0.0,0.0021921166977033057,0.00041341349154174384,0.0,0.0
2024-06-05,-0.007112486192827079,-0.006455974842767294,0.0,0.0,0.0,0.0,0.0,0.0,0.0,-0.006455974842767294,0.0,0.0,-0.006455974842767294,0.0
2024-06-06,-0.013583170173096812,-0.009735434209407165,0.0,0.00940210087607383,0.0,0.0,0.0,0.0,-0.012468318454664229,0.0,-0.0027328842452570648,-0.009735434209407165,0.0,-0.008953915824307915
2024-06-07,0.0015265828330550495,0.0015265828330550495,0.0,-0.014555209410253844,-0.01347903842344167,0.0,0.0,0.0,0.0,-0.011619122257053286,0.0,-0.011619122257053286,-0.01347903842344167,-0.011619122257053286
2024-06-11,0.006356958116193745,0.006356958116193745,0.0,0.006356958116193745,0.005820594479830132,0.0,0.005820594479830132,0.005820594479830132,0.0,0.0,0.0,0.0,0.005820594479830132,0.005820594479830132
2024-06-12,-0.00250448335034283,-0.0014113760685195984,-0.001314757711031622,0.0,-0.001314757711031622,-0.001314757711031622,0.0,-0.001314757711031622,-0.001093107281823232,0.0,-0.0013080831272338867,-0.0013080831272338867,-0.0011964002231089435,-0.0013080831272338867
2024-06-13,-0.009681622709679427,0.0,-0.006642424624700383,-0.009681622709679427,-0.006642424624700383,-0.009681622709679427,0.0,-0.009681622709679427,-0.009681622709679427,-0.006642424624700383,-0.006642424624700383,0.0,-0.006642424624700383,-0.009681622709679427
2024-06-14,-0.004042451035460988,-0.004042451035460988,0.0011328784925275783,0.0,0.0011328784925275783,-0.0022879093473353964,0.0,0.0011328784925275783,-0.0034207878398629745,-0.0034207878398629745,-0.0034207878398629745,-0.0034207878398629745,-0.0034207878398629745,-0.0034207878398629745
2024-06-17,0.0,0.0,-0.0032391241404891393,0.0,-0.0015012053898144455,-0.0032391241404891393,0.0,-0.0015012053898144455,0.0,-0.0015012053898144455,-0.0015012053898144455,-0.0015012053898144455,0.0,-0.0015012053898144455
2024-06-18,-0.0001787007954559178,-0.0001787007954559178,0.0,0.0,-0.00015463253787741552,0.0015731294529948518,0.0,0.0017277619908722675,0.0,0.0017277619908722675,0.0,0.0,0.0,-0.00015463253787741552
2024-06-19,0.0,0.0,-0.0055805684188218185,0.0032844355290971294,-0.0019627995563913556,-0.0019627995563913556,0.0,0.0,0.0,0.0032844355290971294,0.0,0.0,0.0,0.0
2024-06-20,-0.010544629510997236,0.0,0.0,0.0,0.0,0.0,0.0,0.0,0.0,0.012813517281143624,0.0102112961776639,0.012813517281143624,0.002602221103479722,0.012813517281143624
2024-06-21,0.0,0.0,0.0,-0.0014928716482241107,0.0,0.0,-0.0014928716482241107,-0.0014928716482241107,0.0,0.0,0.0,0.0,0.0,0.0
2024-06-24,0.0,0.0,0.0,0.0,0.0,0.0,0.0,0.0,0.0,0.0,0.0,0.0,0.0,0.0
2024-06-25,0.0,0.0,0.0,0.0,0.0,0.0,0.0,0.0,0.0,-0.000631802613218324,0.0,0.00038552770575241624,0.0004952718676123163,0.0
2024-06-26,0.0,0.0,0.0,0.0,0.0,0.0,0.0,0.0,0.0,0.0,0.0,0.0,0.0,0.0
2024-06-27,0.0,0.0,0.0,0.0,0.0,0.0,-0.0016406840890692738,0.0,0.0,0.0,0.0,0.0,0.0,0.0
2024-06-28,0.0,0.0,0.0,0.002069892473118303,0.0,0.0,0.000822441938926555,0.00011064891846921772,0.0,0.002069892473118303,0.002069892473118303,0.0,0.0016259102213157517,0.002069892473118303
2024-07-01,-0.005260435029950994,-0.005260435029950994,0.0010289335246293498,-0.005260435029950994,0.0,0.0010289335246293498,-0.0013622668579626833,0.0,0.0,0.0,0.0,0.0,0.0,0.0
2024-07-02,0.0014531502015144488,0.0,-7.087778536109706e-05,0.0,-7.087778536109706e-05,-7.087778536109706e-05,0.0,-7.087778536109706e-05,0.0,0.0,0.0,0.0,0.0,0.0
2024-07-03,0.0,0.0,0.0,0.0,0.0,0.0,0.0,0.0,0.0,0.0,0.0,0.0,0.0,0.0
2024-07-04,0.0,0.0,0.0,0.0,0.0,0.0,0.0,0.0,0.0,0.0011913580246913729,0.0,0.0,0.0011913580246913729,0.0011913580246913729
2024-07-05,0.003048838686828703,0.003048838686828703,-0.0037155053534953706,0.0,-0.0007824156305505738,-0.0037155053534953706,0.0,-0.0007824156305505738,0.0,0.0,0.0,0.0004490822972172405,-0.0029330897229447963,-0.0029330897229447963
2024-07-08,0.0,0.0,0.0,0.0,0.0,0.0,0.0,0.0,0.0,0.0,0.0,0.0,0.0,0.0
2024-07-09,0.0,0.0,0.0,0.0,0.0,0.0007424349756195253,0.0,0.0,0.0,0.0006052203940686471,0.0006052203940686471,-0.0004705479148842115,0.0006052203940686471,0.0006052203940686471
2024-07-10,0.0,0.0,0.0,-0.0032996772049748344,0.0,0.0,0.0,0.0,0.0,0.0,0.0,0.0016585185185185591,0.0,0.0016585185185185591
2024-07-11,0.0,0.0,0.0,0.0,0.0,0.0,0.0,0.0,0.0,0.0,0.0,0.0,0.0,0.0
2024-07-12,0.0,0.0,0.0,0.0,0.0,0.0,0.0,0.0,0.0,0.0,0.0,0.0,0.0,0.0
2024-07-15,0.001405364763737427,0.001405364763737427,-0.0004222747695116211,0.0024825905951367244,0.0,-0.0004222747695116211,0.0007471530999578574,0.0006582116637795696,0.0,0.001405364763737427,0.001405364763737427,0.0007471530999578574,0.0006582116637795696,0.001405364763737427
2024-07-16,0.0,0.0,0.0,0.0,0.0,0.0,0.0,0.0,0.0,0.0,0.0,0.0,0.0,0.0
2024-07-17,0.003985686526250032,0.003985686526250032,0.0,0.0,0.003985686526250032,0.003985686526250032,0.0,0.0,0.0,0.003985686526250032,0.003985686526250032,0.003985686526250032,0.0,0.003985686526250032
2024-07-18,0.0044242498770290335,0.0044242498770290335,0.0044242498770290335,0.00031253922071988754,0.004736789097748921,0.0,0.0,0.0,0.0044242498770290335,0.0,0.0044242498770290335,0.0044242498770290335,0.0,0.0044242498770290335
2024-07-19,0.0,0.0,0.0,-0.0002624521072796906,-0.0002624521072796906,0.0,0.0,0.0,0.0,-0.00790527371739752,-0.00790527371739752,0.0,-0.00790527371739752,-0.00790527371739752
2024-07-22,0.00194486035128133,-0.002041487043990209,0.0,-0.0022781936846146635,0.0,0.0,0.0,0.0,-0.002041487043990209,0.0018900709219858425,-0.002041487043990209,-0.002041487043990209,0.0,-0.002041487043990209
2024-07-23,0.0020261275659927414,0.0020261275659927414,-0.0008616510000707214,0.0,-0.0008616510000707214,-0.0008616510000707214,0.0,-0.0008616510000707214,0.0014978098992553535,0.0,0.0014978098992553535,0.0020261275659927414,0.0,0.0014978098992553535
2024-07-24,0.0,0.0,0.0,0.0,0.0,0.0,0.0,-0.0015372001957904928,-0.002630667474445292,-0.005060274391575988,-0.005060274391575988,0.0024296069171306964,0.0,-0.005060274391575988
2024-07-25,-0.030272596547061974,-0.030272596547061974,0.0,-0.006261230708738834,0.0,-0.009140757036105859,-0.006261230708738834,-0.015401987744844692,0.0,0.0,0.0,0.0,0.0,0.0
2024-07-26,0.0,0.0,0.0,0.004312514782715697,0.004312514782715697,0.0,0.004312514782715697,0.007804271752244278,0.0,0.001365735253624471,0.001365735253624471,0.0,-0.002459355049237444,0.001365735253624471
2024-07-29,-0.0020857893534384497,-0.0020857893534384497,0.0,0.003047673401074517,0.0,0.0,0.003047673401074517,0.0,0.0,0.001752456020105116,0.0,-0.0020857893534384497,0.001752456020105116,0.003047673401074517
2024-07-30,0.0,0.0,0.0,-0.008869696464559892,-0.006931912631680674,0.0,-0.008869696464559892,-0.008869696464559892,0.0,-0.0019377838328792178,-0.0019377838328792178,0.0,-0.0019377838328792178,0.0
2024-07-31,0.0023578208623649677,0.0023578208623649677,0.0,0.008677618916689556,0.008677618916689556,0.0,0.008677618916689556,0.008677618916689556,0.0,0.008677618916689556,0.011035439779054523,0.0,0.011035439779054523,0.0023578208623649677
2024-08-01,0.0,-0.00690603011884768,0.0,0.004445245805122196,0.0,0.0,0.004445245805122196,0.0,0.0,0.006239363452181013,0.0017941176470588165,-0.00212745098039215,0.0017941176470588165,0.0
2024-08-02,0.0023179288411846652,0.0023179288411846652,0.0,-0.002243096973713258,-0.002243096973713258,0.0,-0.002243096973713258,-0.002243096973713258,0.0,-0.002243096973713258,-0.002243096973713258,0.0,-0.002243096973713258,-0.002243096973713258
2024-08-05,0.0,0.0,0.0,-0.012818734793187347,0.0,0.0,0.0,0.0,0.0,-0.012818734793187347,-0.012818734793187347,0.0,-0.012818734793187347,-0.014463816598825044
2024-08-06,0.0,-0.0014646187866551401,-0.0014646187866551401,-0.0014646187866551401,-0.0014646187866551401,0.0,-0.0014646187866551401,-0.0014646187866551401,-0.0014646187866551401,0.00252172001115906,0.00252172001115906,-0.0014646187866551401,-0.0014646187866551401,0.00252172001115906
2024-08-07,-0.0060999820936315135,-0.0060999820936315135,-0.006034172713903829,0.0,-0.006034172713903829,-0.003605089834858836,0.0,-0.003605089834858836,0.0020299401659839753,0.0032717565015255023,0.0032059471217978177,-6.580937972768435e-05,0.0032717565015255023,0.0032059471217978177
2024-08-08,0.0,0.0009535812179716405,0.0,-0.002507356453616124,-0.002507356453616124,0.0,-0.002507356453616124,-0.002507356453616124,-0.003794271004921098,0.0,-0.002507356453616124,-0.003794271004921098,-0.005409659205484992,0.0
2024-08-09,0.0,0.0,0.0,0.0059227080935941685,0.0059227080935941685,0.0059227080935941685,0.0059227080935941685,0.0059227080935941685,0.0059227080935941685,0.0,0.0059227080935941685,0.0059227080935941685,-0.004684466784800685,0.0
2024-08-12,0.001749110109861507,0.001749110109861507,0.004959367945823949,0.0,0.0,0.004959367945823949,0.0,0.0,0.004959367945823949,0.0,0.004959367945823949,0.004959367945823949,-0.005761214525480636,0.004959367945823949
2024-08-13,-0.00578070175438596,-0.00578070175438596,-0.001401965168709422,-0.00578070175438596,-0.008399369346336005,-0.001401965168709422,-0.00578070175438596,-0.008399369346336005,-0.002618667591950045,-0.00578070175438596,-0.00578070175438596,-0.008399369346336005,0.0,-0.00578070175438596
2024-08-14,0.0,-0.008561425061425043,-0.00028592924089458133,-0.008561425061425043,-0.008121012247378193,0.00044041281404684973,-0.008561425061425043,-0.008121012247378193,0.0,-0.008561425061425043,-0.008168416339816945,-0.008561425061425043,-0.008561425061425043,-0.008561425061425043
2024-08-15,0.0,0.0,0.00043007582139847916,0.0,0.0,0.0,0.0,0.0,0.0,0.0007979635584137169,0.0007979635584137169,0.0,0.0007979635584137169,0.002823358829156667
2024-08-16,-0.004969740634005774,-0.004969740634005774,0.0,-0.004969740634005774,-0.004969740634005774,0.0,-0.004969740634005774,-0.004969740634005774,0.0,0.0035807309738607462,0.0035807309738607462,0.0,0.0035807309738607462,0.0
2024-08-19,0.0006305603697284724,0.0,0.0,0.0,0.009506194978806651,0.0,0.009506194978806651,0.009506194978806651,0.0,0.0,0.0,0.0,0.009506194978806651,0.0
2024-08-20,-0.00046560376516665186,-0.00046560376516665186,0.0,0.0,0.0,0.0,0.0,0.0,0.0,0.0,0.0,0.006787331815532742,0.0,0.0
2024-08-21,0.0009942128432352908,0.0,0.0,0.0067756508422664825,0.0067756508422664825,0.0,0.0067756508422664825,0.0067756508422664825,0.0,0.0,0.0,0.0,0.0023705161854768084,0.0
2024-08-22,-0.008994480506229549,-0.008994480506229549,0.0,0.0,0.0,0.0,0.0,0.0,0.0,0.0,0.0,0.0,0.0,0.0
2024-08-23,0.0,0.0,0.0,0.0,0.0,0.0,0.0,0.0,0.0,0.0,0.0,0.0,0.0,0.002038057742782151
2024-08-26,0.0,0.0,0.0,0.0,0.0,0.0,0.0,0.0,0.0,0.0,0.0,0.0,0.0,0.0
2024-08-27,0.0,0.0,-0.0008344155470359862,0.0007330027650024702,2.1726418802196605e-05,0.0,0.0,0.0,0.0,0.0,0.0,0.0,-0.00012313920083571262,-0.00012313920083571262
2024-08-28,0.0,0.0,0.0,0.0,0.0,0.0,0.0,0.0,0.0,0.0,0.0,0.0,0.0,0.0
2024-08-29,0.0,0.0,0.0,0.0,0.0,0.0,0.0,0.0,0.0,0.0,0.0,0.0,0.0,0.0
2024-08-30,0.0,0.0,0.0,0.0,0.0,0.0,0.0,0.0,0.0,0.0,0.0,0.0,0.0,0.00016937820111700988
2024-09-02,0.0,0.0,0.0,0.0,0.0,0.0,0.0,0.0,0.0,0.0,0.0,0.0,-0.005370309216451523,0.0
2024-09-03,0.0,0.007486658392801733,0.0,-0.007819991726135067,-0.007819991726135067,0.0,-0.007819991726135067,-0.007819991726135067,0.0,-0.007819991726135067,-0.0021846450192625024,0.0,0.0,-0.007819991726135067
2024-09-04,0.0,0.0,-0.002305505184358551,0.0,0.0,-0.002305505184358551,0.0,0.0,0.0,0.0,0.0,0.0,0.006582281699255769,0.0
2024-09-05,0.0,0.002727224008574484,0.0,-0.003060557341907818,-0.003060557341907818,0.0,-0.003060557341907818,-0.003060557341907818,-0.0009157303370786462,-0.003060557341907818,0.0,-0.003060557341907818,0.0,0.0
2024-09-06,0.002009863851069771,0.0,0.0,-0.005541277007416967,-0.005541277007416967,0.0,-0.005541277007416967,-0.005541277007416967,0.0,0.0,0.0,0.0,0.0,0.0
2024-09-09,-0.011366121104089041,-0.011366121104089041,0.0017941176470588165,0.0017941176470588165,0.0017941176470588165,0.0,0.0017941176470588165,0.0017941176470588165,0.0017941176470588165,0.0017941176470588165,0.0017941176470588165,0.0017941176470588165,0.0017941176470588165,0.0017941176470588165
2024-09-10,0.0,-0.000599005620406397,0.0,-0.000599005620406397,-0.000599005620406397,0.0,3.614050707023726e-05,-0.000599005620406397,0.0,3.614050707023726e-05,3.614050707023726e-05,-0.000599005620406397,-0.000599005620406397,-0.000599005620406397
2024-09-11,0.0006428158427290906,0.006644980344893618,0.0006428158427290906,0.006002164502164527,0.006644980344893618,0.0,0.006002164502164527,0.006002164502164527,0.0,0.006002164502164527,0.006002164502164527,0.0,0.0,0.0
2024-09-12,0.0,0.0,0.0,0.0,-0.0024173348337787615,0.0,0.0,-0.0024173348337787615,0.0,0.0,0.0,0.0,0.0,0.0
2024-09-13,-0.012912862447546488,-0.012912862447546488,0.0,0.0,0.0,0.002994579899070019,0.0,0.0,0.0,0.0,0.0,-0.003327913232403353,0.0,0.0
2024-09-18,-0.0046630821180014825,-0.0046630821180014825,0.0007088506844954251,0.0032875647668393904,0.0,0.0007088506844954251,0.0032875647668393904,0.0,0.0,-0.0010421840178287585,-0.0010421840178287585,-0.0010421840178287585,0.0,-0.0010421840178287585
2024-09-19,0.001040576794097951,0.0,0.0,0.0008010348714095711,0.0,0.0,0.0,0.0,0.0,0.0,0.0,0.0,0.0,0.0
2024-09-20,0.0,-0.004839563862928331,0.0,-0.002927375545462648,0.0,0.0,0.0,0.0,0.0,0.0002118182805579035,0.0002118182805579035,0.0,-0.002927375545462648,0.0002118182805579035
2024-09-23,0.0,0.0,0.0,0.0,0.0,0.0,0.0,0.0,0.0,0.00602221186025087,0.00602221186025087,0.0,0.004748847926267267,0.0012733639339836031
2024-09-24,0.0,-0.0007937382424079708,0.0004604049090746374,0.012739702965790523,0.013533441208198493,0.0,0.012739702965790523,0.013533441208198493,0.0,-0.0007937382424079708,0.012739702965790523,-0.0007937382424079708,0.0,0.012739702965790523
2024-09-25,0.0,0.0,0.0,-0.008257001913125728,-0.0007877846790890022,0.0,0.002380175025244032,-0.01063717693836976,0.0,0.002380175025244032,0.002380175025244032,0.0,-0.01063717693836976,0.0
2024-09-26,0.0,0.0,0.0,-0.0032684299978755216,-0.0032684299978755216,0.0,-0.0032684299978755216,-0.0032684299978755216,0.0,-6.661997821209376e-05,0.0,0.0,-0.0032684299978755216,-0.0032684299978755216
2024-09-27,0.0,0.0,0.0,0.0,0.0,0.0,0.0,0.0,0.0,0.0,0.0,0.0,0.0,-0.0015070007532456315
2024-09-30,0.02078514416841265,0.0187852052774868,-0.001999938890925849,0.0,0.0187852052774868,0.0,0.0,0.0,0.0,0.0,-0.001999938890925849,-0.001999938890925849,0.0,0.0
2024-10-08,-0.02209649122807017,-0.02209649122807017,-0.028822490035464332,0.021763157894736835,0.021763157894736835,-0.02209649122807017,0.020604295018482672,0.021763157894736835,0.0,0.021763157894736835,0.020604295018482672,-0.02209649122807017,0.021763157894736835,0.021763157894736835
2024-10-09,-0.0034047619047618918,-0.0034047619047618918,-0.0034047619047618918,0.008133826136401678,0.0030714285714285583,-0.0034047619047618918,0.0030714285714285583,0.0,0.0030714285714285583,0.0030714285714285583,0.0030714285714285583,0.0030714285714285583,0.0,0.0030714285714285583
2024-10-10,-0.0009396135265700339,-0.0010159673722028118,0.0,0.0,0.0,0.0,-7.635384563277785e-05,-7.635384563277785e-05,0.0,0.0006062801932367007,0.001741772665640222,0.0005299263476039228,-7.635384563277785e-05,0.0018181265112729996
2024-10-11,-0.0026845826070114507,-0.0026845826070114507,0.0,0.002703597397627248,0.0,0.0,0.0,0.0,0.0,-0.0026845826070114507,-0.0026845826070114507,0.0,0.0,0.0
2024-10-14,0.0,0.0,-0.0035709219858156374,0.0,-0.0035709219858156374,0.0,0.0,0.0,0.0,-0.0038030303030303267,0.0,0.0,-0.0038030303030303267,0.0
2024-10-15,0.0,0.0,0.002881823378108032,0.0,0.002881823378108032,0.0,0.0,0.0,0.0,0.0,0.0,0.0,0.0,0.0
2024-10-16,-0.014378420845547487,0.0,-0.0023760806916426533,-0.0023760806916426533,-0.0023760806916426533,0.0,-0.0023760806916426533,0.0,0.0,0.0045395276129873525,0.0,-0.009505559899226801,0.0,0.0
2024-10-17,0.0,0.0,0.0,0.0038788453434471237,0.0038788453434471237,0.0,0.0038788453434471237,0.0,0.0,0.0006275021758050764,0.0,0.0,-0.014659420289855063,0.0038788453434471237
2024-10-18,0.0,0.0,0.0,-0.002119957537154974,0.0,0.0,0.0,0.0,0.0,0.002646043743619819,0.0,0.0,0.0017866242038216407,0.002646043743619819
2024-10-21,0.0006293532338308244,0.0,0.0,-0.01948611163946227,0.0,0.0,0.0,0.0,0.0,0.0034297197187496686,0.0,0.0,0.0,0.0
2024-10-22,-0.002620922382780407,-0.0015608667941363803,-0.0015608667941363803,0.00016747787215902043,0.00016747787215902043,-0.0015608667941363803,0.0004471401499244007,0.0004471401499244007,0.0,-0.0006129956110987136,0.0,0.0,-0.0006129956110987136,0.0
2024-10-23,0.0,0.0,0.0,-0.0024182574645129815,-0.0024182574645129815,0.0,-0.0024182574645129815,0.0,0.0,0.002763388098381059,0.002763388098381059,0.0,0.0015806131363672409,0.002763388098381059
2024-10-24,-0.0025792119018898294,0.0,0.0,0.002151648019352914,0.0,0.0,0.002151648019352914,0.0,0.002151648019352914,-0.00013693094919386972,0.0022458785685564955,0.0,-0.002382809517750365,-0.002382809517750365
2024-10-25,0.00323800259403371,0.00323800259403371,0.0,0.0042350940376150725,0.0,0.0,0.0,0.0,0.0,-0.0003906165019035474,-0.0003906165019035474,-0.003571335927367044,0.0,-0.0003906165019035474
2024-10-28,0.0,0.0,0.0,0.0,0.0,0.0,0.0,0.0,0.0,0.0010506967803941005,0.0010506967803941005,0.0,0.0010506967803941005,0.0010506967803941005
2024-10-29,0.0,0.0,0.0,0.0,0.0,0.0,0.0,0.0,0.0,0.003384537863518574,0.003384537863518574,0.0,0.003384537863518574,0.00592318520651373
2024-10-30,0.0,0.0,0.0,0.0,0.0,0.0,0.0,0.0,0.0,0.0,0.0,0.0,0.0,0.0
2024-10-31,-0.0019083212385099062,-0.0019083212385099062,-0.0019083212385099062,0.0008475533249686457,-0.0010607679135412604,-0.0019083212385099062,0.0008475533249686457,-0.0010607679135412604,0.0,0.0,0.0,0.0,0.0,0.0
2024-11-01,0.0,0.0,0.0,0.0,0.0,0.0,0.0,0.0,0.0,0.0,0.0,0.0,-0.009788378724213528,0.0
2024-11-04,0.0,0.0,0.0,0.0,0.0,0.0,0.0,0.0,-0.0004142833560315342,0.0,-0.0004142833560315342,-0.0004142833560315342,0.0,-0.0004142833560315342
2024-11-05,0.0,0.0,0.0,0.0,0.0,0.0,0.0,0.0,0.0,0.0,0.0,0.0,0.0,0.0
2024-11-06,0.0,0.0,0.0,0.0,0.0,0.0,0.0,0.0,0.0,0.0,0.0,0.0,0.0,0.0
2024-11-07,0.005356015779092671,0.005356015779092671,0.005356015779092671,0.0,0.005356015779092671,0.0,0.0,0.0,0.0,0.0,0.0,0.0,0.0034376245600644486,0.0
2024-11-08,0.007191257624164967,-0.001665448232731644,0.0,0.002618439685723062,0.0,0.0,0.002618439685723062,0.0013321148993983105,-0.001665448232731644,0.0013321148993983105,-0.001665448232731644,-0.001665448232731644,0.0013321148993983105,-0.001665448232731644
2024-11-11,0.0,0.0,0.0,0.0,0.0,0.0,0.0,0.0,0.0,0.0,-0.0018592194344882462,-0.0018592194344882462,0.0,0.0
2024-11-12,-0.0012667766776677432,-0.0012667766776677432,0.0,0.0,0.0,0.0,-0.004194408546566737,0.0,0.0,0.0,-0.005461185224234481,0.0009334433443344098,-0.004194408546566737,-0.005461185224234481
2024-11-13,-0.00030870125755246453,-0.00030870125755246453,0.0,-0.0008890658875830845,0.0,0.0,-2.463207578086883e-05,-2.463207578086883e-05,-0.00030870125755246453,-2.463207578086883e-05,0.001382484743743695,0.0,-0.0020491514104103623,-0.00030870125755246453
2024-11-14,-0.009306728458633728,0.0,0.0,-0.009595683231312843,0.0,0.0,-0.009595683231312843,-0.009595683231312843,0.0,0.0,0.0,-0.006692771084337357,0.0,0.0
2024-11-15,0.0,0.0,0.0,0.0,0.0,0.0,0.00011176077514202258,0.00011176077514202258,0.0,0.0,0.003583609088903631,-0.007430589184826475,0.0,0.003583609088903631
2024-11-18,0.0,0.0,0.0,0.0,0.0,0.0,0.0028062553385027056,0.0,-0.0038669441874807364,0.0,-0.0038669441874807364,-0.0038669441874807364,0.0,-0.0038669441874807364
2024-11-19,0.0035877727042110488,0.004054685701128306,0.0,0.0,0.0,0.0,0.0,0.0,0.0,0.0,0.0,0.0,0.0,0.0
2024-11-20,0.0,0.0,0.0,0.0,0.0,0.0,0.0,0.0,0.0,0.0,0.0,0.0,0.0,0.0
2024-11-21,0.003366100559624885,0.003366100559624885,-0.0036994338929582185,0.0,0.0,-0.0036994338929582185,0.003366100559624885,0.0,0.0,0.0026899889144709013,0.0,0.0,0.0026899889144709013,0.0026899889144709013
2024-11-22,0.0,0.0,0.0,-0.005459227678133875,0.0,0.0,0.0,0.0,0.0,0.0,0.0,0.0,0.0,0.0
2024-11-25,0.0,0.0,0.0,0.0,0.0,0.0,0.0,0.0,0.0,0.0,0.0,0.0,0.005432036791479873,0.0
2024-11-26,0.0,-0.009375356815495043,0.0,0.0,0.0,0.0,0.0,0.0,-0.006049207668616885,-0.0030603351472747544,-0.0030603351472747544,-0.006049207668616885,-0.009109542815891639,-0.009109542815891639
2024-11-27,0.002019125683060082,0.002019125683060082,0.002019125683060082,0.002019125683060082,0.002019125683060082,0.0,0.002019125683060082,0.002019125683060082,0.002019125683060082,0.002804963670677544,0.002019125683060082,0.002019125683060082,0.0,0.002019125683060082
2024-11-28,0.0,-0.0023355612820099756,0.0,-0.007396545342994054,-0.0023355612820099756,0.0,-0.0023355612820099756,0.0,0.0,0.0,-0.0023355612820099756,0.0,0.0,0.0
2024-11-29,0.0,0.0,0.0,0.0007399516470232849,0.0,0.0,0.0,0.0,0.0,0.005701261166579115,0.005701261166579115,-0.006034594499912449,0.0,0.0
2024-12-02,0.0,0.0,0.0,0.0,0.0,0.0,0.0,0.0,0.0,0.0,0.0,0.0,0.0,0.0
2024-12-03,0.0,0.0,0.0,0.0027393462753053286,0.0016922512474317568,0.0,0.0027393462753053286,0.0016922512474317568,0.0,0.0,0.0,0.0010470950278735718,0.0,0.0010470950278735718
2024-12-04,0.00010162261356688755,0.00010162261356688755,0.0,0.0,0.0,0.0,0.0,0.0,0.0,0.0,0.0,0.00010162261356688755,0.0,0.0
2024-12-05,0.0,0.0,0.0,0.0,0.0,0.0,0.0,0.0,0.0,0.0,0.0,0.0011032976021352152,0.0,0.0
2024-12-06,0.003010280530802952,0.003010280530802952,0.0,0.0,0.0,0.0,0.0,0.0,0.0,0.0,0.0,-0.0011443398782344423,0.0,0.0010996369929509218
2024-12-09,0.0,0.0,0.0,0.002354765506807891,0.002354765506807891,0.0,0.002354765506807891,0.002354765506807891,0.0,0.0,0.0,0.0,0.002354765506807891,0.002354765506807891
2024-12-10,0.0,-0.0013466076696164915,0.0,0.001391612490812988,0.001013274336283158,0.0,0.001013274336283158,0.001013274336283158,0.0,0.0,0.0,0.0,0.0,0.0
2024-12-11,0.0003262289926632877,0.0003262289926632877,0.0,0.0009111307074269698,0.0009111307074269698,0.0,0.0009111307074269698,0.0023933125062674345,0.0,0.0,0.0,0.0,0.0,0.0
2024-12-12,0.0019275741710296779,0.0019275741710296779,0.0,0.0,0.0,0.0,0.0,0.0,0.0,0.0,0.0019275741710296779,0.0019275741710296779,0.0,0.0019275741710296779
2024-12-13,0.0,0.0,0.0,0.0,0.0,0.0,0.0,0.0,0.0,0.0,0.0,0.0,0.0,0.0
2024-12-16,0.0020734065684244927,0.0020734065684244927,0.0,3.174603174603104e-05,0.0,0.0,3.174603174603104e-05,3.174603174603104e-05,0.0010454065684244822,-0.0031051526001705243,0.0010454065684244822,0.0010454065684244822,-0.0030734065684244936,-0.001361333333333344
2024-12-17,0.001018546992119951,0.001018546992119951,0.0,-6.865627756545223e-05,-6.865627756545223e-05,-0.0013518803254532845,-6.865627756545223e-05,-6.865627756545223e-05,0.0,-0.0013518803254532845,0.0,-0.002717279760336422,0.0,-0.0013518803254532845
2024-12-18,0.0,0.0,-0.0049285714285714115,-0.0049285714285714115,-0.0049285714285714115,0.0,0.0,-0.0049285714285714115,0.0,0.0,0.0,0.0,0.0,0.0
2024-12-19,0.0,0.0,-0.0029664349617043264,-0.00268276972624798,-0.00268276972624798,-0.0029664349617043264,-0.00268276972624798,-0.00268276972624798,0.0,0.0,0.0,0.0,0.0023494363929146465,-0.0029664349617043264
2024-12-20,0.00013435681316477854,0.00013435681316477854,0.0,-0.00046769014649811186,-0.00046769014649811186,0.0,-0.00046769014649811186,-0.00046769014649811186,0.0,-0.0010985090521831717,-0.0010985090521831717,0.0,0.0,0.0
2024-12-23,0.0,0.0,0.0,0.011255376318475526,0.0,0.0,0.0005440653873489504,0.0005440653873489504,0.0,0.0,0.0,0.007297354071690354,0.0,0.0
2024-12-24,0.0,0.0,0.0,0.0022649442755825664,0.0,0.0,0.0,0.0,0.0,0.0,0.0,0.0,0.0,-0.0006046868155935025
2024-12-25,-0.0013507992895204768,0.0,0.0,-0.0005655100209392785,-0.0005655100209392785,0.0010174659561871433,-0.0005655100209392785,0.0004519559352478648,0.0,0.0,0.0,0.0,0.0,0.0
2024-12-26,0.0,0.0,0.0,0.0,0.0,0.0,0.0,0.0,0.0,0.0,0.0,0.0,0.0,0.0
2024-12-27,0.0,0.0,0.0,0.0,0.0,0.0,0.0,0.0,0.0,0.0,0.0,0.0,0.0,0.0
2024-12-30,0.0,0.0,0.0,0.0,0.0,0.0,0.0,0.0,0.0,0.0,0.0,0.0,0.0,0.0
2024-12-31,0.0,0.0,0.0,0.0,0.0,-0.000788357236263896,0.0,-0.000788357236263896,0.0,0.0,0.0,0.0,0.0,0.0
