candidate,feature,standardized_coefficient_bps
ridge__gap,gap_raw,27.637664441611914
ridge__gap,gap_atr,-13.90997829356319
ridge__gap,gap_vol,10.794092728270337
ridge__gap,gap_breakout,-13.306003740753733
ridge__gap,gap_trend5,2.13684322374306
ridge__gap,gap_trend20,5.657107922513189
ridge__gap,gap_volume,10.353547956139995
ridge__gap,gap_oi,-4.633243454741898
ridge__gap,gap_confirm,-0.2975768799842958
ridge__gap,gap_retained,-11.216197383765339
ridge__gap,gap_unfilled,4.433416921970043
ridge__gap,gap_close_strength,8.718134912851244
ridge__gap,gap_sum3,3.3540883806659654
ridge__gap,gap_sum5,-16.622391031719523
ridge__gap,gap_acceleration,-22.386004181896894
ridge__gap,gap_compression,1.1332553908819334
ridge__gap,product_RB,1.6274851927451048
ridge__gap,product_AG,-0.5564823669230274
ridge__gap,product_AU,-1.0940412542374236
ridge__context,intraday,-9.79529155221264
ridge__context,prior_mom5,-4.730907824668596
ridge__context,prior_mom20,-0.22167245828509574
ridge__context,prior_vol20,6.581446945165156
ridge__context,volume_ratio,9.386128018839281
ridge__context,oi_change,-0.3370594539082759
ridge__context,close_location,4.835516779146884
ridge__context,range_pct,-11.954961119107411
ridge__context,product_RB,3.7419494107187745
ridge__context,product_AG,-0.8885036316087475
ridge__context,product_AU,-2.9113019542711025
ridge__combined,gap_raw,14.879245857235833
ridge__combined,gap_atr,-13.227908332782008
ridge__combined,gap_vol,8.962123032640315
ridge__combined,gap_breakout,-12.79901491087345
ridge__combined,gap_trend5,4.946798452641029
ridge__combined,gap_trend20,8.892056814706846
ridge__combined,gap_volume,9.496742368857353
ridge__combined,gap_oi,-4.602073060175359
ridge__combined,gap_confirm,-2.506070059779933
ridge__combined,gap_retained,2.63803899784452
ridge__combined,gap_unfilled,4.02923110835307
ridge__combined,gap_close_strength,6.699446384203262
ridge__combined,gap_sum3,2.788160317228266
ridge__combined,gap_sum5,-15.17229453100824
ridge__combined,gap_acceleration,-22.480596748946123
ridge__combined,gap_compression,2.1203079002164755
ridge__combined,intraday,-11.91414846071126
ridge__combined,prior_mom5,-3.3154000679379356
ridge__combined,prior_mom20,-3.863130226971681
ridge__combined,prior_vol20,7.429558284562524
ridge__combined,volume_ratio,9.077313159485152
ridge__combined,oi_change,-0.34481968199671226
ridge__combined,close_location,3.822268216537684
ridge__combined,range_pct,-12.358741507172466
ridge__combined,product_RB,3.379705520322617
ridge__combined,product_AG,-0.8906137699399195
ridge__combined,product_AU,-2.5402458790603575
elastic_net__gap,gap_raw,1.148461778071112
elastic_net__gap,gap_atr,-0.893938528163521
elastic_net__gap,gap_vol,-0.0
elastic_net__gap,gap_breakout,-5.706300367987878
elastic_net__gap,gap_trend5,2.322325045930381
elastic_net__gap,gap_trend20,4.317272227094436
elastic_net__gap,gap_volume,3.4197376969432
elastic_net__gap,gap_oi,-2.4645778022656506
elastic_net__gap,gap_confirm,-0.58294418674066
elastic_net__gap,gap_retained,-0.5022474845887707
elastic_net__gap,gap_unfilled,-0.0
elastic_net__gap,gap_close_strength,3.060922126772718
elastic_net__gap,gap_sum3,0.3681421061334486
elastic_net__gap,gap_sum5,-4.768764869111204
elastic_net__gap,gap_acceleration,-0.0
elastic_net__gap,gap_compression,-1.3307122683000627
elastic_net__gap,product_RB,1.6494338315526382
elastic_net__gap,product_AG,-0.029521729666229964
elastic_net__gap,product_AU,-0.6558664553441907
elastic_net__context,intraday,-4.907506213737296
elastic_net__context,prior_mom5,-2.941075311301189
elastic_net__context,prior_mom20,-0.6315103108096826
elastic_net__context,prior_vol20,2.5029376172955864
elastic_net__context,volume_ratio,4.932044013393815
elastic_net__context,oi_change,0.45690133410320677
elastic_net__context,close_location,0.928599539205741
elastic_net__context,range_pct,-5.640889523822886
elastic_net__context,product_RB,2.669982718030962
elastic_net__context,product_AG,-0.1745715890861581
elastic_net__context,product_AU,-1.546845628896258
elastic_net__combined,gap_raw,0.0587053585083036
elastic_net__combined,gap_atr,-1.2069399183170195
elastic_net__combined,gap_vol,-0.17398273899827935
elastic_net__combined,gap_breakout,-5.7246606132463524
elastic_net__combined,gap_trend5,3.0241953334402263
elastic_net__combined,gap_trend20,5.358301552310914
elastic_net__combined,gap_volume,3.1846627998681454
elastic_net__combined,gap_oi,-2.484936296091769
elastic_net__combined,gap_confirm,0.07809267977474357
elastic_net__combined,gap_retained,0.4453135252770662
elastic_net__combined,gap_unfilled,0.0
elastic_net__combined,gap_close_strength,3.830734591992844
elastic_net__combined,gap_sum3,0.17488195165135756
elastic_net__combined,gap_sum5,-4.198585348463523
elastic_net__combined,gap_acceleration,-0.9374580620264538
elastic_net__combined,gap_compression,-1.4747469971601417
elastic_net__combined,intraday,-5.723596505854173
elastic_net__combined,prior_mom5,-2.2808386076939637
elastic_net__combined,prior_mom20,-2.1110337042423404
elastic_net__combined,prior_vol20,2.902295277132725
elastic_net__combined,volume_ratio,4.716887035844733
elastic_net__combined,oi_change,0.4901110918216154
elastic_net__combined,close_location,0.3129121389880033
elastic_net__combined,range_pct,-5.941993098015063
elastic_net__combined,product_RB,2.5294590009114675
elastic_net__combined,product_AG,-0.12216413971101166
elastic_net__combined,product_AU,-1.4583281243650092
