factor,cost_bps,samples,trades,rank_ic,mean_net_bps,sharpe,total_return,max_drawdown,active_win_rate,stage,momentum_agreement
gap_raw,5,1369,411,-0.0006870078900568602,0.12808578977769572,0.04362058404010764,0.0009516689059669847,-0.07621731776802443,0.49391727493917276,training_oof,1.0
gap_volume,5,1369,411,0.009142049754938953,0.729800817105162,0.2618077986708779,0.03112865238578233,-0.095409107133138,0.48175182481751827,training_oof,1.0
ridge__gap,5,1369,411,-0.03940276570497908,-2.042151347251849,-0.7675902482025798,-0.09821743671706207,-0.1786995716733758,0.49148418491484186,training_oof,0.49635036496350365
ridge__context,5,1369,411,0.027528309985887067,-1.4964885055811465,-0.5253530475977584,-0.07461137473345669,-0.1526406401580701,0.5012165450121655,training_oof,0.5182481751824818
ridge__combined,5,1369,411,0.006113023330433271,-2.4082706483072136,-0.8442673084237984,-0.11466240959529572,-0.17011868503218286,0.49391727493917276,training_oof,0.5036496350364964
elastic_net__gap,5,1369,411,-0.02878337355152739,-2.7792615161445124,-0.9856952001977943,-0.13035487684629332,-0.16697583886119727,0.45742092457420924,training_oof,0.5036496350364964
elastic_net__context,5,1369,411,0.010574183987695248,-1.5228193390674964,-0.4911242943534796,-0.07664208441561948,-0.140045781638385,0.5060827250608273,training_oof,0.5060827250608273
elastic_net__combined,5,1369,411,0.006156284257077579,0.3333641295732022,0.11539526401261987,0.011134479200497926,-0.07559942227833416,0.49878345498783455,training_oof,0.49391727493917276
random_forest__gap,5,1369,411,-0.015229720914085886,-1.974489704766446,-0.6306542005116167,-0.09676494837222449,-0.16666643234869039,0.46472019464720193,training_oof,0.4768856447688564
random_forest__context,5,1369,411,0.026006233469621845,-1.749053586054264,-0.5754458879600189,-0.08651007346066941,-0.11705400277388167,0.4744525547445255,training_oof,0.5012165450121655
random_forest__combined,5,1369,411,-0.013698959932842508,0.9536304265930292,0.3120504182740901,0.04138011754870097,-0.09322867882020203,0.5012165450121655,training_oof,0.5523114355231143
hist_boost__gap,5,1369,411,0.001659925419584582,0.5362262883698123,0.1866696855760663,0.02118839252269522,-0.09211085389593598,0.5012165450121655,training_oof,0.48661800486618007
hist_boost__context,5,1369,411,0.07177126198441808,3.733776514169581,1.322119502280197,0.1926670950908438,-0.08428567437826939,0.5352798053527981,training_oof,0.5085158150851582
hist_boost__combined,5,1369,411,0.04990807848745768,1.6133151031520185,0.5212218179473876,0.07505946029847355,-0.11742905779888779,0.5158150851581509,training_oof,0.5231143552311436
gap_raw,5,1391,236,-0.01861232786761682,-2.9797869998111746,-1.4237681489776808,-0.136643157691557,-0.15364590127362698,0.4788135593220339,reused_validation,1.0
gap_volume,5,1391,270,-0.01710625390052089,-2.7796854181166024,-1.2494763446857446,-0.12854165645234916,-0.15141380456211795,0.4666666666666667,reused_validation,1.0
ridge__gap,5,1391,137,-0.07427464578456217,-2.949254320628284,-2.3382806618318543,-0.1338892920396333,-0.1447480898155037,0.35766423357664234,reused_validation,0.38686131386861317
ridge__context,5,1391,283,0.02213688098478132,-0.3375475183100068,-0.1656925029409788,-0.01868640015832823,-0.07099000543490575,0.5017667844522968,reused_validation,0.508833922261484
ridge__combined,5,1391,222,-0.0027212477463473966,0.07308041349591225,0.04269832971263512,0.001760690533175291,-0.06541728480224707,0.4594594594594595,reused_validation,0.4864864864864865
elastic_net__gap,5,1391,135,-0.09863031504241054,-1.8402949606554624,-1.5902205794284705,-0.08597661665042045,-0.09960976098111785,0.4074074074074074,reused_validation,0.3333333333333333
elastic_net__context,5,1391,237,0.035026275712171547,0.7291512356967277,0.4564184412941367,0.03431507502348041,-0.06004072203853761,0.5316455696202531,reused_validation,0.5316455696202531
elastic_net__combined,5,1391,248,-0.0035430905105408358,-1.1743187138036164,-0.6633769654002737,-0.057054369626670765,-0.09354186342726267,0.4637096774193548,reused_validation,0.45564516129032256
random_forest__gap,5,1391,93,-0.006619455035587929,-0.7439540354888546,-0.7248400378717917,-0.03598665834046022,-0.051720834697636,0.3870967741935484,reused_validation,0.6666666666666666
random_forest__context,5,1391,197,0.0217491639106429,1.4329341360650496,0.9342507191825269,0.07028151770688651,-0.03554410150891407,0.5279187817258884,reused_validation,0.5126903553299492
random_forest__combined,5,1391,180,0.03864711295780899,1.551711771808348,0.9456273570042133,0.07622785437766577,-0.026306417693146122,0.5166666666666667,reused_validation,0.7722222222222223
hist_boost__gap,5,1391,182,0.004289327295944767,-1.216324447356287,-0.7032707565736053,-0.05889127797275129,-0.10093066680085405,0.45604395604395603,reused_validation,0.6703296703296703
hist_boost__context,5,1391,197,6.585444419770932e-05,-0.9847962358613848,-0.5311779687342345,-0.04854192685306968,-0.08754105194440831,0.47715736040609136,reused_validation,0.5380710659898477
hist_boost__combined,5,1391,234,0.011060752340565146,0.7172287868364328,0.4026832394721635,0.033327292977375134,-0.043501653236850846,0.5042735042735043,reused_validation,0.6452991452991453
gap_raw,2,1391,236,-0.01861232786761682,-2.49218369402605,-1.1955538043197134,-0.116000345987326,-0.14010253295560415,0.4915254237288136,reused_validation,1.0
gap_volume,2,1391,270,-0.01710625390052089,-2.2218341784471805,-1.001301385991929,-0.10467088414039305,-0.14363182605955183,0.4888888888888889,reused_validation,1.0
ridge__gap,2,1391,137,-0.07427464578456217,-2.666196469388615,-2.133283387381565,-0.12192285983961693,-0.1331039838720417,0.38686131386861317,reused_validation,0.38686131386861317
ridge__context,2,1391,283,0.02213688098478132,0.2471632254916471,0.121387164012587,0.009484978635663222,-0.06641566719044467,0.519434628975265,reused_validation,0.508833922261484
ridge__combined,2,1391,222,-0.0027212477463473966,0.531758099446326,0.31054177007371814,0.024246572477844675,-0.048304956276495115,0.49099099099099097,reused_validation,0.4864864864864865
elastic_net__gap,2,1391,135,-0.09863031504241054,-1.5613693408207514,-1.3575188428901566,-0.07354207745411712,-0.08781550613717048,0.4444444444444444,reused_validation,0.3333333333333333
elastic_net__context,2,1391,237,0.035026275712171547,1.2188206571843316,0.7612833894719376,0.05911201929350485,-0.05457076096755631,0.5611814345991561,reused_validation,0.5316455696202531
elastic_net__combined,2,1391,248,-0.0035430905105408358,-0.6619220195887396,-0.3749219724356451,-0.03336437788463431,-0.07442067767092653,0.5,reused_validation,0.45564516129032256
random_forest__gap,2,1391,93,-0.006619455035587929,-0.5518052751582758,-0.5406491407885076,-0.026971798605591735,-0.048958219333400055,0.40860215053763443,reused_validation,0.6666666666666666
random_forest__context,2,1391,197,0.0217491639106429,1.8399589294534797,1.1968700512145585,0.09156476171126315,-0.03486527388590033,0.5583756345177665,reused_validation,0.5126903553299492
random_forest__combined,2,1391,180,0.03864711295780899,1.9236125982546293,1.1698259184792437,0.09576493930802665,-0.02357304724591458,0.55,reused_validation,0.7722222222222223
hist_boost__gap,2,1391,182,0.004289327295944767,-0.8402913895050467,-0.48598069051546494,-0.04160309745044566,-0.09433395362782204,0.4945054945054945,reused_validation,0.6703296703296703
hist_boost__context,2,1391,197,6.585444419770932e-05,-0.5777714424729542,-0.3120023630105987,-0.029605560332076952,-0.07992843440052622,0.49746192893401014,reused_validation,0.5380710659898477
hist_boost__combined,2,1391,234,0.011060752340565146,1.2006998612165989,0.6737316507923338,0.05778811694235042,-0.03754606096639013,0.5256410256410257,reused_validation,0.6452991452991453
gap_raw,10,1391,236,-0.01861232786761682,-3.7924591761197153,-1.7980055424210943,-0.16998975886117806,-0.18269902417296835,0.4364406779661017,reused_validation,1.0
gap_volume,10,1391,270,-0.01710625390052089,-3.7094374842323057,-1.6584677313499934,-0.16692877727143873,-0.1776925246693023,0.42592592592592593,reused_validation,1.0
ridge__gap,10,1391,137,-0.07427464578456217,-3.421017406027733,-2.667729693718482,-0.1534756564635127,-0.16381193716475018,0.3284671532846715,reused_validation,0.38686131386861317
ridge__context,10,1391,283,0.02213688098478132,-1.3120654246460952,-0.6427670308321101,-0.06391144473543753,-0.0930991574163057,0.4628975265017668,reused_validation,0.508833922261484
ridge__combined,10,1391,222,-0.0027212477463473966,-0.6913823964214435,-0.40372286863244417,-0.03463097180468022,-0.09396197439248599,0.42342342342342343,reused_validation,0.4864864864864865
elastic_net__gap,10,1391,135,-0.09863031504241054,-2.3051709937133134,-1.9683341651926962,-0.10633457047817574,-0.11902482963329597,0.37037037037037035,reused_validation,0.3333333333333333
elastic_net__context,10,1391,237,0.035026275712171547,-0.0869644667826114,-0.05454625506725193,-0.005737221241848056,-0.07157491767181734,0.4810126582278481,reused_validation,0.5316455696202531
elastic_net__combined,10,1391,248,-0.0035430905105408358,-2.0283132041617433,-1.1390476396937563,-0.09526231305062627,-0.12489547510281374,0.41935483870967744,reused_validation,0.45564516129032256
random_forest__gap,10,1391,93,-0.006619455035587929,-1.0642019693731524,-1.0253559749006165,-0.05082901977980481,-0.05841211305029248,0.3655913978494624,reused_validation,0.6666666666666666
random_forest__context,10,1391,197,0.0217491639106429,0.7545594804176666,0.49317191843418073,0.03572166130423793,-0.040711672911242114,0.5126903553299492,reused_validation,0.5126903553299492
random_forest__combined,10,1391,180,0.03864711295780899,0.9318770610645462,0.5691632805988093,0.04443121605123279,-0.030849471965196718,0.49444444444444446,reused_validation,0.7722222222222223
hist_boost__gap,10,1391,182,0.004289327295944767,-1.843046210441687,-1.063908217601901,-0.08701999949577843,-0.11209736435970019,0.42857142857142855,reused_validation,0.6703296703296703
hist_boost__context,10,1391,197,6.585444419770932e-05,-1.663170891508768,-0.8944717071685752,-0.07929032312998086,-0.11022348747695054,0.4467005076142132,reused_validation,0.5380710659898477
hist_boost__combined,10,1391,234,0.011060752340565146,-0.08855633713050962,-0.04970396007019612,-0.006197653159897842,-0.05478339781011321,0.4829059829059829,reused_validation,0.6452991452991453
