candidate,fold,group,delta_mse_bps2,samples
ridge__gap,2021-01-01,gap,-350.66954557613644,342
ridge__gap,2021-07-01,gap,-199.58374337237183,352
ridge__gap,2022-01-01,gap,-140.12179742526132,329
ridge__gap,2022-07-01,gap,11.679090355102744,346
ridge__context,2021-01-01,context,322.0191999548115,342
ridge__context,2021-07-01,context,91.23547282657819,352
ridge__context,2022-01-01,context,302.9884770171557,329
ridge__context,2022-07-01,context,176.639602231342,346
ridge__combined,2021-01-01,gap,-301.64119390137785,342
ridge__combined,2021-01-01,context,352.46741710934657,342
ridge__combined,2021-07-01,gap,-212.70163727233376,352
ridge__combined,2021-07-01,context,-241.55424227655385,352
ridge__combined,2022-01-01,gap,-200.66942672039295,329
ridge__combined,2022-01-01,context,28.21702793276563,329
ridge__combined,2022-07-01,gap,74.32920681951327,346
ridge__combined,2022-07-01,context,272.12593627444585,346
elastic_net__gap,2021-01-01,gap,56.32637073011938,342
elastic_net__gap,2021-07-01,gap,-12.887674291458097,352
elastic_net__gap,2022-01-01,gap,-112.30406382809451,329
elastic_net__gap,2022-07-01,gap,-32.50060948139253,346
elastic_net__context,2021-01-01,context,210.82196737693448,342
elastic_net__context,2021-07-01,context,-4.438311974317912,352
elastic_net__context,2022-01-01,context,145.43367100420437,329
elastic_net__context,2022-07-01,context,86.21988085265184,346
elastic_net__combined,2021-01-01,gap,34.104118681330874,342
elastic_net__combined,2021-01-01,context,245.71743693468306,342
elastic_net__combined,2021-07-01,gap,-25.192119248134986,352
elastic_net__combined,2021-07-01,context,-224.6599575642358,352
elastic_net__combined,2022-01-01,gap,-111.10845961571977,329
elastic_net__combined,2022-01-01,context,31.054616350582364,329
elastic_net__combined,2022-07-01,gap,2.0986504128977685,346
elastic_net__combined,2022-07-01,context,146.9553663101142,346
random_forest__gap,2021-01-01,gap,-163.1391830654502,342
random_forest__gap,2021-07-01,gap,-115.57040062351007,352
random_forest__gap,2022-01-01,gap,155.88597881239184,329
random_forest__gap,2022-07-01,gap,-82.58681452629753,346
random_forest__context,2021-01-01,context,252.16224385540772,342
random_forest__context,2021-07-01,context,31.88030763049028,352
random_forest__context,2022-01-01,context,245.32112075726036,329
random_forest__context,2022-07-01,context,22.887089092640963,346
random_forest__combined,2021-01-01,gap,-83.49532340846417,342
random_forest__combined,2021-01-01,context,29.01869919107412,342
random_forest__combined,2021-07-01,gap,-64.70386297446748,352
random_forest__combined,2021-07-01,context,-99.68397008457396,352
random_forest__combined,2022-01-01,gap,139.4369163063311,329
random_forest__combined,2022-01-01,context,90.97122016176945,329
random_forest__combined,2022-07-01,gap,-86.52898268792342,346
random_forest__combined,2022-07-01,context,222.09737632282304,346
hist_boost__gap,2021-01-01,gap,-114.3694709209376,342
hist_boost__gap,2021-07-01,gap,-69.71717141533372,352
hist_boost__gap,2022-01-01,gap,206.3102511910256,329
hist_boost__gap,2022-07-01,gap,375.85745885867254,346
hist_boost__context,2021-01-01,context,1101.3670181610614,342
hist_boost__context,2021-07-01,context,-832.1932753337023,352
hist_boost__context,2022-01-01,context,1379.4688928296273,329
hist_boost__context,2022-07-01,context,152.53220014779072,346
hist_boost__combined,2021-01-01,gap,29.280087813673163,342
hist_boost__combined,2021-01-01,context,-26.260127900666703,342
hist_boost__combined,2021-07-01,gap,199.25534787277866,352
hist_boost__combined,2021-07-01,context,-350.781008285554,352
hist_boost__combined,2022-01-01,gap,326.0739438147102,329
hist_boost__combined,2022-01-01,context,384.9161807755627,329
hist_boost__combined,2022-07-01,gap,65.3724824510573,346
hist_boost__combined,2022-07-01,context,664.2007346738046,346
