,gap_raw,gap_volume,ridge__gap,ridge__context,ridge__combined,elastic_net__gap,elastic_net__context,elastic_net__combined,random_forest__gap,random_forest__context,random_forest__combined,hist_boost__gap,hist_boost__context,hist_boost__combined
gap_raw,1.0,0.58125,0.10689655172413794,0.06304347826086956,0.08115183246073299,0.08191126279863481,0.06132075471698113,0.07125307125307126,0.10915492957746478,0.0712401055408971,0.12849162011173185,0.16913946587537093,0.05612244897959184,0.10945273631840796
gap_volume,0.58125,1.0,0.11490683229813664,0.10480349344978165,0.12244897959183673,0.07339449541284404,0.11510791366906475,0.10144927536231885,0.13442622950819672,0.1056701030927835,0.2111111111111111,0.25219941348973607,0.0703883495145631,0.16911764705882354
ridge__gap,0.10689655172413794,0.11490683229813664,1.0,0.05141388174807198,0.2898550724637681,0.4945054945054945,0.055232558139534885,0.2315112540192926,0.10784313725490197,0.06666666666666667,0.07092198581560284,0.09057971014492754,0.05825242718446602,0.07250755287009064
ridge__context,0.06304347826086956,0.10480349344978165,0.05141388174807198,1.0,0.38186813186813184,0.03282828282828283,0.6,0.38481675392670156,0.04843304843304843,0.18639798488664988,0.1385390428211587,0.1024390243902439,0.10426540284360189,0.16628175519630484
ridge__combined,0.08115183246073299,0.12244897959183673,0.2898550724637681,0.38186813186813184,1.0,0.21649484536082475,0.401840490797546,0.5719063545150501,0.08275862068965517,0.15774647887323945,0.14534883720930233,0.11461318051575932,0.10869565217391304,0.16666666666666666
elastic_net__gap,0.08191126279863481,0.07339449541284404,0.4945054945054945,0.03282828282828283,0.21649484536082475,1.0,0.03133903133903134,0.237012987012987,0.08173076923076923,0.08445945945945946,0.055944055944055944,0.0711743772241993,0.05161290322580645,0.08282208588957055
elastic_net__context,0.06132075471698113,0.11510791366906475,0.055232558139534885,0.6,0.401840490797546,0.03133903133903134,1.0,0.5046728971962616,0.03870967741935484,0.2050561797752809,0.16,0.11506849315068493,0.1015625,0.16666666666666666
elastic_net__combined,0.07125307125307126,0.10144927536231885,0.2315112540192926,0.38481675392670156,0.5719063545150501,0.237012987012987,0.5046728971962616,1.0,0.08090614886731391,0.1778975741239892,0.1366120218579235,0.11021505376344086,0.12532637075718014,0.15517241379310345
random_forest__gap,0.10915492957746478,0.13442622950819672,0.10784313725490197,0.04843304843304843,0.08275862068965517,0.08173076923076923,0.03870967741935484,0.08090614886731391,1.0,0.045283018867924525,0.23529411764705882,0.27699530516431925,0.045112781954887216,0.1875
random_forest__context,0.0712401055408971,0.1056701030927835,0.06666666666666667,0.18639798488664988,0.15774647887323945,0.08445945945945946,0.2050561797752809,0.1778975741239892,0.045283018867924525,1.0,0.4153846153846154,0.11801242236024845,0.31438127090301005,0.4053156146179402
random_forest__combined,0.12849162011173185,0.2111111111111111,0.07092198581560284,0.1385390428211587,0.14534883720930233,0.055944055944055944,0.16,0.1366120218579235,0.23529411764705882,0.4153846153846154,1.0,0.26523297491039427,0.20261437908496732,0.46808510638297873
hist_boost__gap,0.16913946587537093,0.25219941348973607,0.09057971014492754,0.1024390243902439,0.11461318051575932,0.0711743772241993,0.11506849315068493,0.11021505376344086,0.27699530516431925,0.11801242236024845,0.26523297491039427,1.0,0.06470588235294118,0.29245283018867924
hist_boost__context,0.05612244897959184,0.0703883495145631,0.05825242718446602,0.10426540284360189,0.10869565217391304,0.05161290322580645,0.1015625,0.12532637075718014,0.045112781954887216,0.31438127090301005,0.20261437908496732,0.06470588235294118,1.0,0.26865671641791045
hist_boost__combined,0.10945273631840796,0.16911764705882354,0.07250755287009064,0.16628175519630484,0.16666666666666666,0.08282208588957055,0.16666666666666666,0.15517241379310345,0.1875,0.4053156146179402,0.46808510638297873,0.29245283018867924,0.26865671641791045,1.0
